temp;Cyc1;Cyc2;Cyc3;Cyc4;Cyc5;Cyc6;Cyc7;Cyc8;Cyc9;Cyc10;Cyc14;Cyc15;Cyc16;Cyc17;Cyc18;Cyc21;Cyc22;Cyc23;Cyc24;Cyc25;Cyc26;Cyc28;Cyc29;Cyc30;Cyc31;Cyc32;Cyc34;Cyc35;Cyc36;Cyc39;Cyc40;Cyc41
60;100;100;100;100;100;100;100;100;100;100;100;100;100;100;100;100;100;100;100;100;100;100;100;100;100;100;100;100;100;100;100;100
60,1;100;100;100;100;100;100;100;100;100;100;100;100;100;100;100;100;100;100;100;100;100;100;100;100;100;100;100;100;100;100;100;100
60,2;100;100;100;100;100;100;100;100;100;100;100;100;100;100;100;100;100;100;100;100;100;100;100;100;100;100;100;100;100;100;100;100
60,3;100;100;100;100;100;100;100;100;100;100;100;100;100;100;100;100;100;100;100;100;100;100;100;100;100;100;100;100;100;100;100;100
60,4;100;100;100;100;100;100;100;100;100;100;100;100;100;100;100;100;100;100;100;100;100;100;100;100;100;100;100;100;100;100;100;100
60,5;100;100;100;100;100;100;100;100;100;100;100;100;100;100;100;100;100;100;100;100;100;100;100;100;100;100;100;100;100;100;100;100
60,6;100;100;100;100;100;100;100;100;100;100;100;100;100;100;100;100;100;100;100;100;100;100;100;100;100;100;100;100;100;100;100;100
60,7;100;100;100;100;100;100;100;100;100;100;100;100;100;100;100;100;100;100;100;100;100;100;100;100;100;100;100;100;100;100;100;100
60,8;100;100;100;100;100;100;100;100;100;100;100;100;100;100;100;100;100;100;100;100;100;100;100;100;100;100;100;100;100;100;100;100
60,9;100;100;100;100;100;100;100;100;100;100;100;100;100;100;100;100;100;100;100;100;100;100;100;100;100;100;100;100;100;100;100;100
61;100;100;100;100;100;100;100;100;100;100;100;100;100;100;100;100;100;100;100;100;100;100;100;100;100;100;100;100;100;100;100;100
61,1;100;100;100;100;100;100;100;100;100;100;100;100;100;100;100;100;100;100;100;100;100;100;100;100;100;100;100;100;100;100;100;100
61,2;100;100;100;100;100;100;100;100;100;100;100;100;100;100;100;100;100;100;100;100;100;100;100;100;100;100;100;100;100;100;100;100
61,3;100;100;100;100;100;100;100;100;100;100;100;100;100;100;100;100;100;100;100;100;100;100;100;100;100;100;100;100;100;100;100;100
61,4;100;100;100;100;100;100;100;100;100;100;100;100;100;100;100;100;100;100;100;100;100;100;100;100;100;100;100;100;100;100;100;100
61,5;100;100;100;100;100;100;100;100;100;100;100;100;100;100;100;100;100;100;100;100;100;100;100;100;100;100;100;100;100;100;100;100
61,6;100;100;100;100;100;100;100;100;100;100;100;100;100;100;100;100;100;100;100;100;100;100;100;100;100;100;100;100;100;100;100;100
61,7;100;100;100;100;100;100;100;100;100;100;100;100;100;100;100;100;100;100;100;100;100;100;100;100;100;100;100;100;100;100;100;100
61,8;100;100;100;100;100;100;100;100;100;100;100;100;100;100;100;100;100;100;100;100;100;100;100;100;100;100;100;100;100;100;100;100
61,9;100;100;100;100;100;100;100;100;100;100;100;100;100;100;100;100;100;100;100;100;100;100;100;100;100;100;100;100;100;100;100;100
62;100;100;100;100;100;100;100;100;100;100;100;100;100;100;100;100;100;100;100;100;100;100;100;100;100;100;100;100;100;100;100;100
62,1;100;100;100;100;100;100;100;100;100;100;100;100;100;100;100;100;100;100;100;100;100;100;100;100;100;100;100;100;100;100;100;100
62,2;100;100;100;100;100;100;100;100;100;100;100;100;100;100;100;100;100;100;100;100;100;100;100;100;100;100;100;100;100;100;100;100
62,3;100;100;100;100;100;100;100;100;100;100;100;100;100;100;100;100;100;100;100;100;100;100;100;100;100;100;100;100;100;100;100;100
62,4;100;100;100;100;100;100;100;100;100;100;100;100;100;100;100;100;100;100;100;100;100;100;100;100;100;100;100;100;100;100;100;100
62,5;100;100;100;100;100;100;100;100;100;100;100;100;100;100;100;100;100;100;100;100;100;100;100;100;100;100;100;100;100;100;100;100
62,6;100;100;100;100;100;100;100;100;100;100;100;100;100;100;100;100;100;100;100;100;100;100;100;100;100;100;100;100;100;100;100;100
62,7;100;100;100;100;100;100;100;100;100;100;100;100;100;100;100;100;100;100;100;100;100;100;100;100;100;100;100;100;100;100;100;100
62,8;100;100;100;100;100;100;100;100;100;100;100;100;100;100;100;100;100;100;100;100;100;100;100;100;100;100;100;100;100;100;100;100
62,9;100;100;100;100;100;100;100;100;100;100;100;100;100;100;100;100;100;100;100;100;100;100;100;100;100;100;100;100;100;100;100;100
63;100;100;100;100;100;100;100;100;100;100;100;100;100;100;100;100;100;100;100;100;100;100;100;100;100;100;100;100;100;100;100;100
63,1;100;100;100;100;100;100;100;100;100;100;100;100;100;100;100;100;100;100;100;100;100;100;100;100;100;100;100;100;100;100;100;100
63,2;100;100;100;100;100;100;100;100;100;100;100;100;100;100;100;100;100;100;100;100;100;100;100;100;100;100;100;100;100;100;100;100
63,3;100;100;100;100;100;100;100;100;100;100;100;100;100;100;100;100;100;100;100;100;100;100;100;100;100;100;100;100;100;100;100;100
63,4;100;100;100;100;100;100;100;100;100;100;100;100;100;100;100;100;100;100;100;100;100;100;100;100;100;100;100;100;100;100;100;100
63,5;100;100;100;100;100;100;100;100;100;100;100;100;100;100;100;100;100;100;100;100;100;100;100;100;100;100;100;100;100;100;100;100
63,6;100;100;100;100;100;100;100;100;100;100;100;100;100;100;100;100;100;100;100;100;100;100;100;100;100;100;100;100;100;100;100;100
63,7;100;100;100;100;100;100;100;100;100;100;100;100;100;100;100;100;100;100;100;100;100;100;100;100;100;100;100;100;100;100;100;100
63,8;100;100;100;100;100;100;100;100;100;100;100;100;100;100;100;100;100;100;100;100;100;100;100;100;100;100;100;100;100;100;100;100
63,9;100;100;100;100;100;100;100;100;100;100;100;100;100;100;100;100;100;100;100;100;100;100;100;100;100;100;100;100;100;100;100;100
64;100;100;100;100;100;100;100;100;100;100;100;100;100;100;100;100;100;100;100;100;100;100;100;100;100;100;100;100;100;100;100;100
64,1;100;100;100;100;100;100;100;100;100;100;100;100;100;100;100;100;100;100;100;100;100;100;100;100;100;100;100;100;100;100;100;100
64,2;100;100;100;100;100;100;100;100;100;100;100;100;100;100;100;100;100;100;100;100;100;100;100;100;100;100;100;100;100;100;100;100
64,3;100;100;100;100;100;100;100;100;100;100;100;100;100;100;100;100;100;100;100;100;100;100;100;100;100;100;100;100;100;100;100;100
64,4;100;100;100;100;100;100;100;100;100;100;100;100;100;100;100;100;100;100;100;100;100;100;100;100;100;100;100;100;100;100;100;100
64,5;100;100;100;100;100;100;100;100;100;100;100;100;100;100;100;100;100;100;100;100;100;100;100;100;100;100;100;100;100;100;100;100
64,6;100;100;100;100;100;100;100;100;100;100;100;100;100;100;100;100;100;100;100;100;100;100;100;100;100;100;100;100;100;100;100;100
64,7;100;100;100;100;100;100;100;100;100;100;100;100;100;100;100;100;100;100;100;100;100;100;100;100;100;100;100;100;100;100;100;100
64,8;100;100;100;100;100;100;100;100;100;100;100;100;100;100;100;100;100;100;100;100;100;100;100;100;100;100;100;100;100;100;100;100
64,9;100;100;100;100;100;100;100;100;100;100;100;100;100;100;100;100;100;100;100;100;100;100;100;100;100;100;100;100;100;100;100;100
65;100;100;100;100;100;100;100;100;100;100;100;100;100;100;100;100;100;100;100;100;100;100;100;100;100;100;100;100;100;100;100;100
65,1;100;100;100;100;100;100;100;100;100;100;100;100;100;100;100;100;100;100;100;100;100;100;100;100;100;100;100;100;100;100;100;100
65,2;100;100;100;100;100;100;100;100;100;100;100;100;100;100;100;100;100;100;100;100;100;100;100;100;100;100;100;100;100;100;100;100
65,3;100;100;100;100;100;100;100;100;100;100;100;100;100;100;100;100;100;100;100;100;100;100;100;100;100;100;100;100;100;100;100;100
65,4;100;100;100;100;100;100;100;100;100;100;100;100;100;100;100;100;100;100;100;100;100;100;100;100;100;100;100;100;100;100;100;100
65,5;100;100;100;100;100;100;100;100;100;100;100;100;100;100;100;100;100;100;100;100;100;100;100;100;100;100;100;100;100;100;100;100
65,6;100;100;100;100;100;100;100;100;100;100;100;100;100;100;100;100;100;100;100;100;100;100;100;100;100;100;100;100;100;100;100;100
65,7;100;100;100;100;100;100;100;100;100;100;100;100;100;100;100;100;100;100;100;100;100;100;100;100;100;100;100;100;100;100;100;100
65,8;100;100;100;100;100;100;100;100;100;100;100;100;100;100;100;100;100;100;100;100;100;100;100;100;100;100;100;100;100;100;100;100
65,9;100;100;100;100;100;100;100;100;100;100;100;100;100;100;100;100;100;100;100;100;100;100;100;100;100;100;100;100;100;100;100;100
66;100;100;100;100;100;100;100;100;100;100;100;100;100;100;100;100;100;100;100;100;100;100;100;100;100;100;100;100;100;100;100;100
66,1;100;100;100;100;100;100;100;100;100;100;100;100;100;100;100;100;100;100;100;100;100;100;100;100;100;100;100;100;100;100;100;100
66,2;100;100;100;100;100;100;100;100;100;100;100;100;100;100;100;100;100;100;100;100;100;100;100;100;100;100;100;100;100;100;100;100
66,3;100;100;100;100;100;100;100;100;100;100;100;100;100;100;100;100;100;100;100;100;100;100;100;100;100;100;100;100;100;100;100;100
66,4;100;100;100;100;100;100;100;100;100;100;100;100;100;100;100;100;100;100;100;100;100;100;100;100;100;100;100;100;100;100;100;100
66,5;100;100;100;100;100;100;100;100;100;100;100;100;100;100;100;100;100;100;100;100;100;100;100;100;100;100;100;100;100;100;100;100
66,6;100;100;100;100;100;100;100;100;100;100;100;100;100;100;100;100;100;100;100;100;100;100;100;100;100;100;100;100;100;100;100;100
66,7;100;100;100;100;100;100;100;100;100;100;100;100;100;100;100;100;100;100;100;100;100;100;100;100;100;100;100;100;100;100;100;100
66,8;100;100;100;100;100;100;100;100;100;100;100;100;100;100;100;100;100;100;100;100;100;100;100;100;100;100;100;100;100;100;100;100
66,9;100;100;100;100;100;100;100;100;100;100;100;100;100;100;100;100;100;100;100;100;100;100;100;100;100;100;100;100;100;100;100;100
67;100;100;100;100;100;100;100;100;100;100;100;100;100;100;100;100;100;100;100;100;100;100;100;100;100;100;100;100;100;100;100;100
67,1;100;100;100;100;100;100;100;100;100;100;100;100;100;100;100;100;100;100;100;100;100;100;100;100;100;100;100;100;100;100;100;100
67,2;100;100;100;100;100;100;100;100;100;100;100;100;100;100;100;100;100;100;100;100;100;100;100;100;100;100;100;100;100;100;100;100
67,3;100;100;100;100;100;100;100;100;100;100;100;100;100;100;100;100;100;100;100;100;100;100;100;100;100;100;100;100;100;100;100;100
67,4;100;100;100;100;100;100;100;100;100;100;100;100;100;100;100;100;100;100;100;100;100;100;100;100;100;100;100;100;100;100;100;100
67,5;100;100;100;100;100;100;100;100;100;100;100;100;100;100;100;100;100;100;100;100;100;100;100;100;100;100;100;100;100;100;100;100
67,6;100;100;100;100;100;100;100;100;100;100;100;100;100;100;100;100;100;100;100;100;100;100;100;100;100;100;100;100;100;100;100;100
67,7;100;100;100;100;100;100;100;100;100;100;100;100;100;100;100;100;100;100;100;100;100;100;100;100;100;100;100;100;100;100;100;100
67,8;100;100;100;100;100;100;100;100;100;100;100;100;100;100;100;100;100;100;100;100;100;100;100;100;100;100;100;100;100;100;100;100
67,9;100;100;100;100;100;100;100;100;100;100;100;100;100;100;100;100;100;100;100;100;100;100;100;100;100;100;100;100;100;100;100;100
68;100;100;100;100;100;100;100;100;100;100;100;100;100;100;100;100;100;100;100;100;100;100;100;100;100;100;100;100;100;100;100;100
68,1;100;100;100;100;100;100;100;100;100;100;100;100;100;100;100;100;100;100;100;100;100;100;100;100;100;100;100;100;100;100;100;100
68,2;100;100;100;100;100;100;100;100;100;100;100;100;100;100;100;100;100;100;100;100;100;100;100;100;100;100;100;100;100;100;100;100
68,3;100;100;100;100;100;100;100;100;100;100;100;100;100;100;100;100;100;100;100;100;100;100;100;100;100;100;100;100;100;100;100;100
68,4;100;100;100;100;100;100;100;100;100;100;100;100;100;100;100;100;100;100;100;100;100;100;100;100;100;100;100;100;100;100;100;100
68,5;100;100;100;100;100;100;100;100;100;100;100;100;100;100;100;100;100;100;100;100;100;100;100;100;100;100;100;100;100;100;100;100
68,6;100;100;100;100;100;100;100;100;100;100;100;100;100;100;100;100;100;100;100;100;100;100;100;100;100;100;100;100;100;100;100;100
68,7;100;100;100;100;100;100;100;100;100;100;100;100;100;100;100;100;100;100;100;100;100;100;100;100;100;100;100;100;100;100;100;100
68,8;100;100;100;100;100;100;100;100;100;100;100;100;100;100;100;100;100;100;100;100;100;100;100;100;100;100;100;100;100;100;100;100
68,9;100;100;100;100;100;100;100;100;100;100;100;100;100;100;100;100;100;100;100;100;100;100;100;100;100;100;100;100;100;100;100;100
69;100;100;100;100;100;100;100;100;100;100;100;100;100;100;100;100;100;100;100;100;100;100;100;100;100;100;100;100;100;100;100;100
69,1;100;100;100;100;100;100;100;100;100;100;100;100;100;100;100;100;100;100;100;100;100;100;100;100;100;100;100;100;100;100;100;100
69,2;100;100;100;100;100;100;100;100;100;100;100;100;100;100;100;100;100;100;100;100;100;100;100;100;100;100;100;100;100;100;100;100
69,3;100;100;100;100;100;100;100;100;100;100;100;100;100;100;100;100;100;100;100;100;100;100;100;100;100;100;100;100;100;100;100;100
69,4;100;100;100;100;100;100;100;100;100;100;100;100;100;100;100;100;100;100;100;100;100;100;100;100;100;100;100;100;100;100;100;100
69,5;100;100;100;100;100;100;100;100;100;100;100;100;100;100;100;100;100;100;100;100;100;100;100;100;100;100;100;100;100;100;100;100
69,6;100;100;100;100;100;100;100;100;100;100;100;100;100;100;100;100;100;100;100;100;100;100;100;100;100;100;100;100;100;100;100;100
69,7;100;100;100;100;100;100;100;100;100;100;100;100;100;100;100;100;100;100;100;100;100;100;100;100;100;100;100;100;100;100;100;100
69,8;100;100;100;100;100;100;100;100;100;100;100;100;100;100;100;100;100;100;100;100;100;100;100;100;100;100;100;100;100;100;100;100
69,9;100;100;100;100;100;100;100;100;100;100;100;100;100;100;100;100;100;100;100;100;100;100;100;100;100;100;100;100;100;100;100;100
70;100;100;100;100;100;100;100;100;100;100;100;100;100;100;100;100;100;100;100;100;100;100;100;100;100;100;100;100;100;100;100;100
70,1;100;100;100;100;100;100;100;100;100;100;100;100;100;100;100;100;100;100;100;100;100;100;100;100;100;100;100;100;100;100;100;100
70,2;100;100;100;100;100;100;100;100;100;100;100;100;100;100;100;100;100;100;100;100;100;100;100;100;100;100;100;100;100;100;100;100
70,3;100;100;100;100;100;100;100;100;100;100;100;100;100;100;100;100;100;100;100;100;100;100;100;100;100;100;100;100;100;100;100;100
70,4;100;100;100;100;100;100;100;100;100;100;100;100;100;100;100;100;100;100;100;100;100;100;100;100;100;100;100;100;100;100;100;100
70,5;100;100;100;100;100;100;100;100;100;100;100;100;100;100;100;100;100;100;100;100;100;100;100;100;100;100;100;100;100;100;100;100
70,6;100;100;100;100;100;100;100;100;100;100;100;100;100;100;100;100;100;100;100;100;100;100;100;100;100;100;100;100;100;100;100;100
70,7;100;100;100;100;100;100;100;100;100;100;100;100;100;100;100;100;100;100;100;100;100;100;100;100;100;100;100;100;100;100;100;100
70,8;100;100;100;100;100;100;100;100;100;100;100;100;100;100;100;100;100;100;100;100;100;100;100;100;100;100;100;100;100;100;100;100
70,9;100;100;100;100;100;100;100;100;100;100;100;100;100;100;100;100;100;100;100;100;100;100;100;100;100;100;100;100;100;100;100;100
71;100;100;100;100;100;100;100;100;100;100;100;100;100;100;100;100;100;100;100;100;100;100;100;100;100;100;100;100;100;100;100;100
71,1;100;100;100;100;100;100;100;100;100;100;100;100;100;100;100;100;100;100;100;100;100;100;100;100;100;100;100;100;100;100;100;100
71,2;100;100;100;100;100;100;100;100;100;100;100;100;100;100;100;100;100;100;100;100;100;100;100;100;100;100;100;100;100;100;100;100
71,3;100;100;100;100;100;100;100;100;100;100;100;100;100;100;100;100;100;100;100;100;100;100;100;100;100;100;100;100;100;100;100;100
71,4;100;100;100;100;100;100;100;100;100;100;100;100;100;100;100;100;100;100;100;100;100;100;100;100;100;100;100;100;100;100;100;100
71,5;100;100;100;100;100;100;100;100;100;100;100;100;100;100;100;100;100;100;100;100;100;100;100;100;100;100;100;100;100;100;100;100
71,6;100;100;100;100;100;100;100;100;100;100;100;100;100;100;100;100;100;100;100;100;100;100;100;100;100;100;100;100;100;100;100;100
71,7;100;100;100;100;100;100;100;100;100;100;100;100;100;100;100;100;100;100;100;100;100;100;100;100;100;100;100;100;100;100;100;100
71,8;100;100;100;100;100;100;100;100;100;100;100;100;100;100;100;100;100;100;100;100;100;100;100;100;100;100;100;100;100;100;100;100
71,9;100;100;100;100;100;100;100;100;100;100;100;100;100;100;100;100;100;100;100;100;100;100;100;100;100;100;100;100;100;100;100;100
72;100;100;100;100;100;100;100;100;100;100;100;100;100;100;100;100;100;100;100;100;100;100;100;100;100;100;100;100;100;100;100;100
72,1;100;100;100;100;100;100;100;100;100;100;100;100;100;100;100;100;100;100;100;100;100;100;100;100;100;100;100;100;100;100;100;100
72,2;100;100;100;100;100;100;100;100;100;100;100;100;100;100;100;100;100;100;100;100;100;100;100;100;100;100;100;100;100;100;100;100
72,3;100;100;100;100;100;100;100;100;100;100;100;100;100;100;100;100;100;100;100;100;100;100;100;100;100;100;100;100;100;100;100;100
72,4;100;100;100;100;100;100;100;100;100;100;100;100;100;100;100;100;100;100;100;100;100;100;100;100;100;100;100;100;100;100;100;100
72,5;100;100;100;100;100;100;100;100;100;100;100;100;100;100;100;100;100;100;100;100;100;100;100;100;100;100;100;100;100;100;100;100
72,6;100;100;100;100;100;100;100;100;100;100;100;100;100;100;100;100;100;100;100;100;100;100;100;100;100;100;100;100;100;100;100;100
72,7;100;100;100;100;100;100;100;100;100;100;100;100;100;100;100;100;100;100;100;100;100;100;100;100;100;100;100;100;100;100;100;100
72,8;100;100;100;100;100;100;100;100;100;100;100;100;100;100;100;100;100;100;100;100;100;100;100;100;100;100;100;100;100;100;100;100
72,9;100;100;100;100;100;100;100;100;100;100;100;100;100;100;100;100;100;100;100;100;100;100;100;100;100;100;100;100;100;100;100;100
73;100;100;100;100;100;100;100;100;100;100;100;100;100;100;100;100;100;100;100;100;100;100;100;100;100;100;100;100;100;100;100;100
73,1;100;100;100;100;100;100;100;100;100;100;100;100;100;100;100;100;100;100;100;100;100;100;100;100;100;100;100;100;100;100;100;100
73,2;100;100;100;100;100;100;100;100;100;100;100;100;100;100;100;100;100;100;100;100;100;100;100;100;100;100;100;100;100;100;100;100
73,3;100;100;100;100;100;100;100;100;100;100;100;100;100;100;100;100;100;100;100;100;100;100;100;100;100;100;100;100;100;100;100;100
73,4;100;100;100;100;100;100;100;100;100;100;100;100;100;100;100;100;100;100;100;100;100;100;100;100;100;100;100;100;100;100;100;100
73,5;100;100;100;100;100;100;100;100;100;100;100;100;100;100;100;100;100;100;100;100;100;100;100;100;100;100;100;100;100;100;100;100
73,6;100;100;100;100;100;100;100;100;100;100;100;100;100;100;100;100;100;100;100;100;100;100;100;100;100;100;100;100;100;100;100;100
73,7;100;100;100;100;100;100;100;100;100;100;100;100;100;100;100;100;100;100;100;100;100;100;100;100;100;100;100;100;100;100;100;100
73,8;100;100;100;100;100;100;100;100;100;100;100;100;100;100;100;100;100;100;100;100;100;100;100;100;100;100;100;100;100;100;100;100
73,9;100;100;100;100;100;100;100;100;100;100;100;100;100;100;100;100;100;100;100;100;100;100;100;100;100;100;100;100;100;100;100;100
74;100;100;100;100;100;100;100;100;100;100;100;100;100;100;100;100;100;100;100;100;100;100;100;100;100;100;100;100;100;100;100;100
74,1;100;100;100;100;100;100;100;100;100;100;100;100;100;100;100;100;100;100;100;100;100;100;100;100;100;100;100;100;100;100;100;100
74,2;100;100;100;100;100;100;100;100;100;100;100;100;100;100;100;100;100;100;100;100;100;100;100;100;100;100;100;100;100;100;100;100
74,3;100;100;100;100;100;100;100;100;100;100;100;100;100;100;100;100;100;100;100;100;100;100;100;100;100;100;100;100;100;100;100;100
74,4;100;100;100;100;100;100;100;100;100;100;100;100;100;100;100;100;100;100;100;100;100;100;100;100;100;100;100;100;100;100;100;100
74,5;100;100;100;100;100;100;100;100;100;100;100;100;100;100;100;100;100;100;100;100;100;100;100;100;100;100;100;100;100;100;100;100
74,6;100;100;100;100;100;100;100;100;100;100;100;100;100;100;100;100;100;100;100;100;100;100;100;100;100;100;100;100;100;100;100;100
74,7;100;100;100;100;100;100;100;100;100;100;100;100;100;100;100;100;100;100;100;100;100;100;100;100;100;100;100;100;100;100;100;100
74,8;100;100;100;100;100;100;100;100;100;100;100;100;100;100;100;100;100;100;100;100;100;100;100;100;100;100;100;100;100;100;100;100
74,9;100;100;100;100;100;100;100;100;100;100;100;100;100;100;100;100;100;100;100;100;100;100;100;100;100;100;100;100;100;100;100;100
75;100;100;100;100;100;100;100;100;100;100;100;100;100;100;100;100;100;100;100;100;100;100;100;100;100;100;100;100;100;100;100;100
75,1;100;100;100;100;100;100;100;100;100;100;100;100;100;100;100;100;100;100;100;100;100;100;100;100;100;100;100;100;100;100;100;100
75,2;100;100;100;100;100;100;100;100;100;100;100;100;100;100;100;100;100;100;100;100;100;100;100;100;100;100;100;100;100;100;100;100
75,3;100;100;100;100;100;100;100;100;100;100;100;100;100;100;100;100;100;100;100;100;100;100;100;100;100;100;100;100;100;100;100;100
75,4;100;100;100;100;100;100;100;100;100;100;100;100;100;100;100;100;100;100;100;100;100;100;100;100;100;100;100;100;100;100;100;100
75,5;100;100;100;100;100;100;100;100;100;100;100;100;100;100;100;100;100;100;100;100;100;100;100;100;100;100;100;100;100;100;100;100
75,6;100;100;100;100;100;100;100;100;100;100;100;100;100;100;100;100;100;100;100;100;100;100;100;100;100;100;100;100;100;100;100;100
75,7;100;100;100;100;100;100;100;100;100;100;100;100;100;100;100;100;100;100;100;100;100;100;100;100;100;100;100;100;100;100;100;100
75,8;100;100;100;100;100;100;100;100;100;100;100;100;100;100;100;100;100;100;100;100;100;100;100;100;100;100;100;100;100;100;100;100
75,9;100;100;100;100;100;100;100;100;100;100;100;100;100;100;100;100;100;100;100;100;100;100;100;100;100;100;100;100;100;100;100;100
76;100;100;100;100;100;100;100;100;100;100;100;100;100;100;100;100;100;100;100;100;100;100;100;100;100;100;100;100;100;100;100;100
76,1;100;100;100;100;100;100;100;100;100;100;100;100;100;100;100;100;100;100;100;100;100;100;100;100;100;100;100;100;100;100;100;100
76,2;100;100;100;100;100;100;100;100;100;100;100;100;100;100;100;100;100;100;100;100;100;100;100;100;100;100;100;100;100;100;100;100
76,3;100;100;100;100;100;100;100;100;100;100;100;100;100;100;100;100;100;100;100;100;100;100;100;100;100;100;100;100;100;100;100;100
76,4;100;100;100;100;100;100;100;100;100;100;100;100;100;100;100;100;100;100;100;100;100;100;100;100;100;100;100;100;100;100;100;100
76,5;100;100;100;100;100;100;100;100;100;100;100;100;100;100;100;100;100;100;100;100;100;100;100;100;100;100;100;100;100;100;100;100
76,6;100;100;100;100;100;100;100;100;100;100;100;100;100;100;100;100;100;100;100;100;100;100;100;100;100;100;100;100;100;100;100;100
76,7;100;100;100;100;100;100;100;100;100;100;100;100;100;100;100;100;100;100;100;100;100;100;100;100;100;100;100;100;100;100;100;100
76,8;100;100;100;100;100;100;100;100;100;100;100;100;100;100;100;100;100;100;100;100;100;100;100;100;100;100;100;100;100;100;100;100
76,9;100;100;100;100;100;100;100;100;100;100;100;100;100;100;100;100;100;100;100;100;100;100;100;100;100;100;100;100;100;100;100;100
77;100;100;100;100;100;100;100;100;100;100;100;100;100;100;100;100;100;100;100;100;100;100;100;100;100;100;100;100;100;100;100;100
77,1;100;100;100;100;100;100;100;100;100;100;100;100;100;100;100;100;100;100;100;100;100;100;100;100;100;100;100;100;100;100;100;100
77,2;100;100;100;100;100;100;100;100;100;100;99,91963582;100;100;100;100;100;100;100;100;100;100;100;100;100;100;100;100;100;100;100;100;100
77,3;100;100;100;100;100;100;100;100;100;99,86663615;94,10744259;100;100;92,14406864;100;100;100;100;100;100;100;100;100;100;100;100;100;100;100;100;100;100
77,4;100;100;100;100;100;100;100;100;100;94,26929826;83,06258742;100;100;80,20497953;100;100;100;98,19083488;100;100;100;100;100;100;100;100;100;100;100;100;100;100
77,5;100;100;100;100;100;100;100;100;100;84,65529283;72,01615276;99,44358425;100;67,54843468;100;100;100;87,14345241;100;100;100;100;100;100;100;100;100;100;100;100;100;100
77,6;100;100;100;100;100;100;100;100;100;73,35328744;61,43099107;89,2309453;98,25108134;55,72859286;100;99,39955749;100;77,49599451;100;100;100;100;100;100;100;100;100;100;100;100;100;100
77,7;100;100;100;100;100;100;100;100;97,40367742;62,16474657;48,58614263;77,37961903;85,91622797;42,42956326;100;90,21604232;100;65,22641845;100;100;100;100;100;100;100;100;100;100;100;100;100;100
77,8;100;100;100;100;100;100;100;100;83,25385926;50,45003215;38,00984207;65,20426548;75,05811144;32,41102083;100;78,83864972;100;54,39221408;100;100;100;100;100;100;100;100;100;100;100;100;100;100
77,9;100;100;100;100;100;100;100;100;68,37286007;40,66000356;28,5837867;52,88565711;63,80184399;24,19165332;100;66,82219131;100;45,09071489;100;100;100;100;100;100;100;100;100;100;100;100;100;100
78;100;100;100;100;100;100;100;100;53,96531116;29,83644236;20,48972484;40,6409963;55,37542644;17,70703852;100;52,44149437;100;37,18318456;100;100;100;100;100;100;100;99,99067504;100;100;100;100;100;100
78,1;100;100;100;100;100;100;100;100;41,90146487;22,95402926;15,44507297;31,40588411;49,31279905;14,02628367;100;41,01186389;93,83134966;32,09183584;100;100;100;100;100;100;100;90,76667048;100;100;100;100;100;100
78,2;100;100;100;100;100;100;100;100;32,69834004;17,89534491;12,16871783;24,13650285;44,59591567;11,92380662;100;31,59565772;87,30351284;28,70614394;100;100;100;100;100;100;100;78,79911498;98,99793106;100;89,94715292;100;100;100
78,3;100;100;100;100;100;100;100;100;25,04900689;14,58504264;10,2240533;18,92685479;41,37565169;10,61831737;100;23,99113182;82,28580148;26,84224079;100;100;100;100;100;100;100;65,25052044;85,64024313;96,2344803;75,00752547;100;100;100
78,4;100;100;100;100;100;100;100;100;20,25622441;12,0686656;8,728255894;15,36013835;38,57246764;9,5629464;100;19,11869612;77,64492256;25,12996578;100;100;100;100;100;100;100;54,28561368;70,77477684;82,32871748;62,1762417;100;100;100
78,5;100;100;100;100;100;100;100;100;15,93248973;10,42842247;7,757270577;12,89376451;36,57849132;8,945056622;100;15,36064698;75,27153429;23,99046898;100;100;100;100;100;100;100;44,19590404;59,57345165;69,12140732;49,44300082;100;100;100
78,6;100;100;100;100;100;100;100;100;13,08222705;9,224994278;6,908580852;11,37214211;34,94536422;8,508525978;100;12,64639991;73,56233604;23,54212762;100;100;100;100;100;100;100;35,76553166;47,90504529;56,31919694;39,37926299;100;100;100
78,7;100;100;100;100;100;100;100;100;11,00338968;8,365122962;6,398413062;10,12049541;34,0231585;8,307138679;100;11,01351321;71,28475096;22,85463602;100;100;100;100;100;100;100;30,06993718;40,60751253;46,59236697;31,87416393;100;100;100
78,8;100;100;100;100;100;100;100;100;9,416851047;7,73645126;5,987422206;9,142971166;32,35041757;8,115074824;100;9,597597794;69,81002518;21,96342921;100;100;100;100;100;100;100;25,13008316;33,73987727;37,41617808;25,3057145;100;100;100
78,9;100;100;100;100;100;100;100;100;8,58439874;7,356265463;5,750362402;8,721779479;30,96513313;8,005168994;100;8,457857851;68,56733043;22,069632;100;100;100;100;100;100;100;21,1788103;29,0510649;30,23005519;20,84646881;100;100;100
79;100;100;100;100;100;100;100;100;7,671759365;7,241579661;5,555046921;8,228173241;29,68697207;7,771419852;100;7,870880931;67,13416495;21,44726736;100;100;100;100;100;100;100;18,01927723;24,32110068;23,6619305;17,11757076;100;100;100
79,1;100;100;100;100;100;100;100;100;7,197462643;6,952010376;5,483656498;7,910022634;28,35972451;7,83530429;100;7,360952163;65,53454897;20,89603156;100;100;100;100;100;100;100;16,20461175;21,35380222;18,14363099;14,4664247;100;100;100
79,2;100;100;100;100;100;100;100;100;6,692200097;6,615192899;5,243712011;7,514019226;27,24116884;7,660573957;100;7,068414915;64,64169909;20,97581445;100;100;99,81213451;100;100;100;100;14,65107703;19,33754046;14,77883222;12,74446225;100;100;100
79,3;100;100;100;100;100;100;100;100;6,464260229;6,563719132;5,182072829;7,455081254;25,81336036;7,532425422;100;6,984381301;63,97375448;20,50532794;100;100;96,83222705;100;100;100;100;13,74329239;17,69348985;12,07360571;11,43249518;100;100;100
79,4;100;100;100;100;100;100;100;100;6,080720226;6,542959596;4,983051586;7,129292467;24,50476844;7,448146574;100;6,789610786;62,08307447;20,54770352;100;100;94,93430991;100;100;100;100;12,88351917;16,79326569;10,42648966;10,62987063;100;100;100
79,5;100;100;93,62081331;100;100;96,71778439;99,98610626;100;5,787556268;6,402685588;4,745228831;6,997685715;23,0837466;7,328472245;100;6,647939685;60,33277384;19,72451597;100;100;92,52745352;100;100;100;100;12,41187915;15,81788357;9,105821317;9,987640192;100;100;100
79,6;95,69455798;100;83,02749894;100;100;84,73670558;89,19274688;100;5,608160055;6,225462948;4,737817306;6,962909677;20,93090206;7,354562448;100;6,421098141;58,88409599;19,60904206;100;99,95050355;87,73413062;100;100;100;100;12,06256199;15,323682;8,079534717;9,287621663;100;100;100
79,7;79,93555998;99,46737536;70,64927138;100;100;72,35787493;76,54034376;99,84202424;5,344690405;6,207980468;4,476343066;6,846926579;18,65039038;7,318036164;100;6,216961493;57,8643473;19,26329442;96,8142977;88,57709621;82,21201321;100;100;99,65371557;100;11,48102679;14,63311589;7,494112561;8,974441138;100;100;100
79,8;66,43861365;88,34842887;59,61710028;100;99,38925765;60,47204874;62,77583407;86,82403805;5,1462812;6,145864512;4,376185753;6,878884448;16,28519112;7,140103253;92,08678862;6,21919585;56,2637698;19,14527679;89,5507308;77,30749472;75,60082399;100;95,98702983;91,99359121;100;11,27594767;14,41014343;6,942963956;8,852110734;100;100;100
79,9;54,94871879;76,18158236;49,10420005;90,36251915;86,270339;50,30539842;51,10492925;73,77696396;4,847282623;6,09079118;4,234705555;6,743313907;13,15458479;7,127107652;80,24578763;6,229604682;55,24470189;18,59311818;80,78090979;66,04562448;68,85646347;100;85,42622556;83,90910709;100;10,99799872;14,17388745;6,517949892;8,458427969;100;100;100
80;42,45746548;63,66848685;38,8439765;77,32869023;72,78825927;41,56944909;40,60367038;61,41285827;4,660244006;5,926881541;4,005610625;6,595585056;10,75690617;7,055390249;69,86715114;6,149385824;53,77737087;18,32303349;70,88693065;55,21804052;61,20720662;100;73,7484741;73,94122929;100;10,76453569;13,99201445;6,2620846;8,220798047;100;100;94,25955596
80,1;32,95596598;52,0577881;29,82898996;65,89089799;61,06402333;34,63410626;31,97397247;49,95247905;4,388494697;6,054888882;3,990901808;6,483793158;8,534840455;6,893590121;58,42150505;6,025482567;51,88006409;17,9937656;60,65590319;43,19735197;53,12916762;100;61,80797611;63,22063456;100;10,51542796;13,72243839;6,120720662;8,083525538;100;100;83,49807208
80,2;25,53263523;43,30958648;23,21030747;56,0546273;50,80664276;30,26673944;24,93638895;40,8167098;4,16640657;5,942880395;3,914244297;6,47364004;6,87546095;6,875170302;48,85964243;5,938702329;50,40599898;17,5252214;50,74758308;34,61625804;46,93700567;100;49,80941482;53,40528549;100;10,34038518;13,5994272;5,924533237;8,001220722;100;100;72,36961711
80,3;19,07061657;34,73364204;17,67071031;46,29951112;42,7596528;25,97930642;19,52402751;32,2513513;4,075875486;5,829658452;3,825309631;6,445665166;5,905648381;6,796368353;39,75046413;5,883497368;48,96901832;17,4621899;43,19600214;27,54460539;41,2474759;97,59263498;40,14930366;43,50979302;98,64417722;10,23910887;13,19534818;5,776478805;7,889486534;97,35068167;100;62,51844288
80,4;14,28730831;28,85938811;13,76780855;38,02690674;35,28354532;22,97269222;15,26904925;25,15613249;4,01061592;5,729559269;3,946078431;6,332930059;5,387960632;6,696857731;31,97667913;5,820025706;48,08505144;17,00112535;36,91650381;21,66552224;37,8135729;86,5877966;31,5970914;35,78126192;91,69044531;9,90557013;12,89164334;5,81645304;7,77498029;85,09765774;100;51,95910582
80,5;10,47093156;23,30510414;10,80395972;30,7992793;28,90778101;21,04442136;12,18984571;19,70428016;3,920042725;5,641056942;3,860173504;6,384883396;5,15637563;6,524757763;25,50179294;5,822028941;46,2136917;16,62012665;31,47831312;16,91680563;34,44506207;75,00432339;24,35982953;28,54734112;83,07174283;9,972464401;12,92779548;5,762361542;7,58111805;71,176318;96,53761055;41,10658427
80,6;8,443143794;19,66495548;9,020312106;25,6426773;24,38198418;19,69187675;10,30030929;15,7042332;3,965492812;5,485999847;3,806848526;5,999730033;5,112179243;6,58040233;20,50452866;5,716233056;44,51925278;15,99243588;27,42605732;13,58641511;31,94356342;62,33030696;17,91409171;22,24972479;73,34330256;9,750632369;12,82174919;5,589262344;7,635941536;57,9205005;85,91856769;32,27550164
80,7;6,842690384;16,83179108;7,585586764;21,38134839;20,08287556;18,27023728;8,795300221;13,2433051;3,903359528;5,569308238;3,768651429;6,154181517;5,003941914;6,583759314;16,91685594;5,650110628;42,76831355;16,07444055;24,40650034;11,24535417;29,84143333;52,4235435;13,51453422;17,8967199;64,02227817;9,542447329;12,71229114;5,440931236;7,440966659;46,9016556;74,41835878;24,90414791
80,8;5,354252065;14,57665751;6,421465922;17,72411688;16,49317159;17,57475454;8,019672401;11,10759691;3,929525117;5,520496136;3,794264788;5,962081331;4,831945349;6,301594568;13,77584497;5,644077445;40,29039826;15,60896213;21,96383612;9,084349693;27,72592022;42,10221637;9,95335099;13,64211054;55,67733708;9,620717937;12,33367666;5,402812746;7,269398032;36,32181277;62,30531123;18,04510131
80,9;4,717972193;13,72149937;5,746929122;15,36605304;13,61497128;16,86083772;7,264468194;9,665573103;3,857785916;5,409196104;3,712050519;5,77960886;4,676788485;6,248896446;11,61113473;5,593855701;38,46167261;15,47123129;19,84048453;7,536329188;26,57805535;31,13481346;7,469945177;10,40305616;46,05689268;9,276569772;12,36190585;5,322251469;7,273365377;25,78860533;49,08741512;12,67660851
81;4,352635996;12,75109265;5,328668432;13,89801887;11,8553699;16,4259556;6,988866783;8,976787213;3,720817121;5,441112891;3,741277415;5,743386849;4,770079238;6,237888151;10,30627037;5,489305969;36,12595233;14,91376109;18,48505656;6,741435874;25,23788366;23,45540551;5,896958005;8,385722642;39,85514102;9,118611968;11,9735365;5,251106279;6,940675103;18,41395931;38,25843697;9,014114595
81,1;4,087637649;12,01310096;4,851758602;12,65011063;10,2921149;15,61587956;6,605058366;8,41194664;3,776131075;5,240300251;3,637140459;5,723541736;4,696257431;5,999338776;9,442500736;5,376843344;33,87479386;14,32316701;16,57576649;6,432264615;23,62750548;17,53648178;4,942942157;6,951247425;34,86686503;8,906136208;11,75443147;5,201800565;7,005182199;12,3728869;27,01915007;5,995923661
81,2;3,858134694;11,48470283;4,746318761;11,92884936;9,408167936;14,8675693;6,398870832;8,074796951;3,631429225;5,124869663;3,655240007;5,641495149;4,716945144;5,98975298;9,06010294;5,319867247;31,12910893;14,04701959;15,43488212;6,102954801;22,55619135;14,06717491;4,485338623;5,941863127;31,11643221;8,637780164;11,57213703;5,22175467;6,86442359;9,393072404;20,6872282;4,717326619
81,3;3,792579029;11,24030416;4,599577834;11,56688356;8,583708451;14,83482109;6,122021312;7,857633326;3,758805727;5,094351619;3,635716284;5,525400822;4,650059765;5,83880604;8,612700593;5,15637563;28,61341268;13,77068038;13,94613565;5,809516543;21,5584911;11,94743267;4,123273823;5,55256733;28,69672694;8,537305374;11,30344745;5,106685995;6,756694896;7,685765876;16,52145164;3,956054017
81,4;3,668777498;10,91058213;4,508336708;11,25028611;7,841720346;14,33961496;5,815086086;7,572289616;3,623740264;5,028229191;3,550447416;5,46472525;4,58897477;5,758616145;8,382870658;5,120055804;26,19495944;13,30224308;12,61329824;5,656315963;19,99332418;10,24349039;3,964675364;5,155436613;26,83974757;8,260253518;11,04982071;4,947955836;6,616638873;6,425035567;13,49584192;3,508049134
81,5;3,51626553;10,69361791;4,273507068;10,98069734;7,241579661;13,80229394;5,720062344;7,505694885;3,675680389;4,85351339;3,564507515;5,288967727;4,515653213;5,511340723;8,168154421;5,188576079;23,84150963;12,80090246;11,39555493;5,644185041;19,06675822;9,552719921;3,79367895;4,812343375;24,77454795;8,13827217;10,84592203;5,001471406;6,568245975;5,625747056;11,58301453;3,229245005
81,6;3,546900951;10,30770405;4,267032883;10,56346873;6,970524656;13,07270924;5,587243458;7,14920389;3,525724168;4,832096263;3,481781818;5,064938876;4,374216613;5,460969183;7,866229241;4,990671189;21,53119198;12,32340407;10,15147514;5,423666743;18,16352585;8,855929402;3,695226469;4,640503313;23,541292;8,114395713;10,93426296;4,884794385;6,366776023;5,191354003;10,13463544;3,005675182
81,7;3,540638045;9,91944134;4,242389563;10,27967607;6,648260472;12,1570662;5,380469839;7,031865924;3,49595091;4,782613434;3,46907994;4,923264726;4,436102846;5,378151261;7,751964599;4,900180565;19,2735434;12,21708502;9,074031688;5,328552173;17,21239469;8,31850665;3,646579254;4,429287149;22,41914186;7,830276079;10,27202141;4,803649086;6,372989184;4,876196513;9,200300094;2,856606276
81,8;3,509168129;9,883268482;4,03197855;9,899835421;6,436146443;11,49297792;5,068611102;6,775005722;3,379403842;4,757327055;3,502272504;4,825538516;4,532946771;5,254268124;7,517793109;4,718343887;16,99721523;11,8793833;7,785356425;5,178794655;15,96889339;7,933368938;3,481052403;4,159812823;20,58256766;7,719212198;10,2210015;4,798962387;6,286599644;4,56712698;8,464089687;2,780861372
81,9;3,435510091;9,179064622;3,854734112;9,694819562;6,317489382;10,55781898;4,898146029;6,376636258;3,377457338;4,595658359;3,436738638;4,639212165;4,311964834;5,339703975;7,256100884;4,745428651;14,77578775;11,53689766;6,811525648;5,085614012;14,70998322;7,809894386;3,383202591;3,985539142;19,69187675;7,464574793;10,02731365;4,646481161;6,168205285;4,406398617;8,091452405;2,639928165
82;3,382543679;8,783637969;3,71435111;9,291218433;6,05897612;9,155107958;4,45000763;6,142773582;3,359567113;4,491384102;3,48112786;4,581303338;4,254542284;5,10795758;6,935428906;4,531929503;12,60841242;11,08180596;5,834815219;5,104796783;13,86446467;7,528449273;3,38211134;3,941532514;18,55933035;7,234810915;9,685991128;4,608459367;6,119739725;4,246585794;7,959817909;2,68171441
82,1;3,322543025;8,252624007;3,400179587;9,00718264;5,836106367;8,1185626;4,033428996;5,627636269;3,257331667;4,356685506;3,346710409;4,482719158;4,313842867;5,031306427;6,815696447;4,568958063;11,09963051;10,63166482;5,162672073;4,869459068;12,82444495;7,229724575;3,259000098;3,978834839;17,80768546;7,105036567;9,340751566;4,645433151;5,936166425;4,229393963;7,57457847;2,649729152
82,2;3,157795893;7,553114112;3,18112459;8,357601047;5,661809211;7,192564368;3,687233648;5,207359208;3,315276824;4,244187948;3,349682285;4,411179777;4,251258869;4,84575672;6,413265176;4,385137713;9,54024567;10,32152939;4,479571984;4,858581565;11,72017728;6,966760764;3,245124449;3,836395542;16,52521553;6,808139598;9,211762526;4,476590117;5,892423896;4,069111631;7,373704346;2,612630655
82,3;3,147609238;6,730519804;3,014746755;7,637023082;5,456219323;6,625467308;3,36332318;4,53650721;3,270618753;4,129396506;3,243400473;4,332153694;4,217498283;4,627734362;5,949844769;4,363317311;8,251861056;9,729762722;3,98674645;4,619610191;10,48599985;6,808684563;3,236547537;3,683410509;15,756684;6,616093908;8,897230488;4,421192602;5,770375196;3,967815202;7,145799954;2,565423056
82,4;2,961231185;6,040665293;2,79383154;6,978277692;5,065588362;6,147453015;3,094987411;3,994303298;3,212921699;4,046794334;3,38564998;4,124106711;4,12098497;4,498477032;5,527471689;4,377711655;6,918549521;9,396124208;3,69385707;4,433855608;8,906573704;6,686096488;3,168971869;3,63266448;14,617816;6,330491341;8,536223828;4,415491429;5,637064164;3,869306477;6,800728073;2,448955637
82,5;2,89639711;5,436906879;2,753490501;6,322399657;4,668908569;6,041281523;3,02760793;3,58892195;3,207446403;3,904456724;3,248645762;4,093359782;4,060660481;4,373362834;4,948031293;4,242771038;5,787855998;8,986691953;3,307719975;4,080044469;7,553927927;6,282234684;3,028280054;3,40851336;13,64003967;6,096080975;8,644337631;4,332443224;5,569542992;3,853716843;6,538999517;2,472165001
82,6;2,802014191;4,930843933;2,697141113;5,865771471;4,109489351;5,949023129;3,093614099;3,404505771;3,157963575;3,817262313;3,330663005;4,064458468;4,01857241;4,190585183;4,486254164;4,178029188;4,847282623;8,425624984;3,12762998;3,759714002;6,781719692;5,87441825;2,857193162;3,273161924;12,65031604;6,125073116;8,163021841;4,296236304;5,343912922;3,728160525;6,317362224;2,348581456
82,7;2,789676182;4,900282292;2,673271643;5,628290227;3,722262326;5,698481727;3,02152109;3,228264068;3,133821622;3,764945667;3,260852979;3,881005061;3,971255818;4,029805956;4,21010286;4,041828794;4,126039521;7,886981511;2,883764401;3,553521019;6,265354391;5,409450421;2,687283301;3,037853274;11,56606116;5,959846974;7,890004251;4,178817785;5,491340505;3,583908271;6,003880151;2,271850374
82,8;2,749323615;4,56615331;2,648966201;5,422198062;3,448252842;5,553648178;2,97986899;3,202868696;3,09234978;3,57604715;3,252787496;3,880114951;4,048436495;3,9220046;4,099692276;3,893884402;3,494443173;7,178352534;2,844390675;3,357111976;5,669743903;4,766282648;2,491162483;2,718394751;10,49134051;5,623494534;7,517738613;4,140208613;5,230156914;3,386485593;5,648017962;2,207544496
82,9;2,794130363;4,604969355;2,65476463;5,473084175;3,1778439;5,536325275;2,948805982;3,241016251;3,035606341;3,514035366;3,193168318;3,627069505;3,825945424;3,753821113;3,982096081;3,909638847;3,06614786;6,588337021;2,870222019;3,248972741;5,524783195;4,068600203;2,231174182;2,380876924;9,334420539;5,408778297;7,165636683;4,114499886;5,160165233;3,291371023;5,174334325;2,109970597
83;2,683299001;4,616206255;2,70987513;5,28684418;3,057907988;5,398314968;2,899483437;3,167303437;3,003520474;3,276451091;3,120876885;3,634699016;3,860634267;3,552409291;3,920042725;3,82761665;2,757686732;6,061493858;2,800030518;3,164251633;5,435390758;3,49555581;2,193308332;2,191004807;8,350910553;5,215635411;6,959530894;4,039190255;5,048956029;3,008207174;4,51995704;1,975331248
83,1;2,656922691;4,554004222;2,612649729;5,184143696;3,070808798;5,287837973;2,883669032;3,097784899;2,988002594;3,108480746;3,168078126;3,330281529;3,815191446;3,411590317;3,895221383;3,648197381;2,62651364;5,480404873;2,717749177;3,167990932;5,18302023;2,82558938;2,045522749;2,07420971;7,026143791;5,000490469;6,579486788;3,8673991;4,874821524;2,666807519;3,652188202;1,903344996
83,2;2,635350459;4,459296559;2,624224787;5,051063227;3,016977906;5,164197975;2,810838992;3,095703412;2,923628595;2,985863606;3,063357639;3,226738166;3,729508405;3,243432263;3,898789088;3,499874658;2,566465756;5,022220951;2,727454795;3,115657517;4,961420106;2,525775031;2,095063706;2,027720556;6,122835126;4,931410697;6,31858145;3,781567102;4,722667277;2,480449378;2,977739435;1,83696825
83,3;2,663755715;4,272322677;2,551613642;5,096929469;2,970168612;5,028786732;2,776864548;3,089599803;2,881775278;2,97550927;3,075328705;3,051259414;3,768978408;3,114802341;3,76317998;3,402996637;2,459972316;4,52875054;2,74092724;3,06286717;4,908357836;2,394045167;2,032094809;1,934538796;5,361316032;4,730623767;5,880718046;3,744436815;4,507515068;2,20187686;2,436172205;1,80960262
83,4;2,70613667;4,251633009;2,553470156;4,869865975;3,001776586;4,91178378;2,763626852;3,057798995;2,882327509;2,939426171;3,068182396;2,880685348;3,676025533;3,06113931;3,573758297;3,252351524;2,419190763;4,145993626;2,658121614;3,087445095;4,665598535;2,272395339;2,035744259;2,017242695;5,036785142;4,543017726;5,567430205;3,564834494;4,38424397;2,163174431;2,164682994;1,803870705
83,5;2,642290379;4,120807856;2,557818977;4,858218255;2,920576791;4,744356887;2,74945776;3,008022724;2,842286271;2,801321666;3,055292156;2,741130694;3,675135424;3,059637344;3,530702913;3,08408308;2,481727321;4,072087979;2,70607854;2,98478206;4,542392833;2,283989471;2,035458152;1,991098904;4,910048066;4,304061443;5,077984501;3,566687375;4,180768546;2,124341955;2,096684977;1,878502973
83,6;2,600028338;4,020316298;2,508444481;4,80365747;2,884403933;4,761166963;2,68471591;3,007008251;2,828615752;2,736596584;2,958942332;2,70478879;3,698532591;3,046354729;3,410518552;3,078253351;2,378990507;3,779441738;2,613753074;2,934182752;4,525356386;2,296482795;2,058314895;1,974378715;4,685693493;4,136027244;4,64343774;3,440623331;3,895359013;2,076244246;2,089061824;1,842853873
83,7;2,643148699;3,922549565;2,459871707;4,67721719;2,913416788;4,557361206;2,648731447;3,002757523;2,733704636;2,807660029;2,966353857;2,610818647;3,606796804;2,962363036;3,332875563;2,992675669;2,394903487;3,614957656;2,69657435;2,928511482;4,346859366;2,25288559;1,999149854;1,905470359;4,549536067;3,833829252;4,232961667;3,362761447;3,647560191;2,129549096;1,998626688;1,798711703
83,8;2,540765864;3,826023675;2,449073014;4,563973449;2,83187101;4,436051982;2,603284504;2,963847017;2,773151164;2,674397904;2,91638056;2,61908395;3,527122911;2,936174902;3,294892336;2,937075608;2,391088731;3,493771049;2,637730012;2,929262696;4,158200844;2,293430991;1,963953495;1,923835682;4,453236548;3,509320719;3,805717438;3,318510283;3,391963191;2,126389581;2,012942425;1,741289153
83,9;2,582538593;3,815162381;2,429415804;4,472964283;2,720800981;4,291893351;2,523426067;2,955018583;2,746623941;2,641663669;2,872358282;2,600518807;3,583123522;2,912075336;3,271416918;2,914355805;2,339208057;3,21456728;2,662154356;3,014964741;4,004146864;2,238117037;2,018533843;1,915359379;4,433399819;3,225375753;3,569437353;3,131033916;3,078761985;2,146944381;1,975738155;1,79391601
84;2,576485847;3,695969858;2,405291359;4,436996589;2,746217034;4,022176445;2,608021159;2,906843671;2,725848196;2,625021275;2,861720564;2,536518948;3,572137026;2,946135653;3,238981715;2,991149767;2,357753637;3,242651146;2,608588482;2,85725185;3,871322848;2,173823735;1,963581801;1,871391877;4,267853056;3,020523384;3,175989342;3,08221343;2,911421378;2,04365254;1,964381083;1,780375724
84,1;2,51785599;3,549684465;2,403061195;4,322117952;2,708171206;3,924729425;2,454237606;2,852020186;2,702067597;2,676178124;2,871080339;2,528654682;3,507642227;2,881005061;3,161542178;2,870508125;2,309300374;3,108801314;2,6432695;2,84820543;3,713928553;2,166374202;1,955825132;1,930375263;4,147620138;2,82454668;3,024719615;2,819155159;2,740520333;2,03238434;1,949509592;1,734833413
84,2;2,599628697;3,502555886;2,401865415;4,216271204;2,587014572;3,700109356;2,433305358;2,853714531;2,638637017;2,596608682;2,837068326;2,558124158;3,381164498;2,834690296;3,158312352;2,838060696;2,276741436;3,075019891;2,583788379;2,772564279;3,681783998;2,133570297;1,951000588;1,889502883;3,952086671;2,633452862;2,903893594;2,829676618;2,774308167;1,989681086;1,882845925;1,759482602
84,3;2,491086188;3,429993368;2,367386384;4,184150963;2,600573303;3,615214419;2,402004801;2,817142421;2,66880293;2,546948741;2,811525648;2,410289667;3,487558448;2,773268541;3,182051031;2,822919051;2,284040824;2,88471809;2,599810352;2,830221583;3,555352102;2,058324677;1,972874154;1,84664683;3,861236802;2,663818316;2,82433596;2,728007935;2,63229027;1,998073548;1,932882102;1,718928817
84,4;2,524147402;3,473430228;2,356298161;4,176597747;2,612344549;3,469189492;2,368082821;2,738759676;2,66365301;2,562341908;2,79828663;2,381526411;3,39360647;2,647767278;3,124938691;2,748854106;2,341140866;2,740011699;2,54968719;2,734961689;3,534091198;2,06525775;1,917772946;1,883777117;3,702073466;2,490177005;2,687418936;2,704661631;2,582882899;1,965743496;1,958241143;1,789120317
84,5;2,451361868;3,300526436;2,296155816;4,075583022;2,518283578;3,481781818;2,369960855;2,746296962;2,565628466;2,49594001;2,767783118;2,366204788;3,396242119;2,738892704;3,027866789;2,698029826;2,338738548;2,612090232;2,574324152;2,777032992;3,485982241;2,03223244;1,925307088;1,83260853;3,585761153;2,507362478;2,730856285;2,710816103;2,668548613;2,011139086;1,871162992;1,739998005
84,6;2,397896603;3,212293386;2,381085595;4,011244725;2,574769207;3,251806559;2,334848336;2,767223621;2,599859894;2,539711604;2,792273849;2,386075053;3,355153735;2,625539115;3,002365148;2,714906974;2,279697871;2,596850773;2,494196122;2,750111718;3,379328385;2,032853848;1,904880806;1,753965878;3,496076671;2,426301859;2,608377203;2,619739305;2,519569696;1,919178047;1,858548867;1,65264744
84,7;2,395666438;3,199539455;2,342259861;4,00030518;2,500594653;3,299704797;2,330688436;2,668135348;2,497683898;2,454195686;2,736069785;2,243310973;3,330942753;2,683952959;2,976708193;2,725697283;2,250487744;2,565477553;2,496477709;2,682434323;3,272042929;2,001475039;1,89375361;1,800564584;3,327274604;2,328323288;2,544265836;2,617550568;2,522752292;1,982255937;1,879794121;1,709119445
84,8;2,428727652;3,133767126;2,28362162;3,879962361;2,399590186;3,261724923;2,361878604;2,684443427;2,510719463;2,508910179;2,679048273;2,186181866;3,233973625;2,670328832;2,980195969;2,680704967;2,251468681;2,501540574;2,477353068;2,678503308;3,348744945;1,990539406;1,900320439;1,750591287;3,354136467;2,316646503;2,515994725;2,567389123;2,489414054;1,97207599;1,836168968;1,686993864
84,9;2,398209608;3,158382778;2,333649413;3,826148877;2,425597596;3,09839526;2,298110424;2,695682284;2,501071066;2,452214578;2,729486886;2,222953384;3,28252079;2,655505782;2,985427634;2,601154599;2,227721828;2,405911781;2,43874383;2,732352268;3,177335266;2,008322036;1,915116241;1,757294357;3,209277485;2,235955342;2,453541728;2,525571578;2,461025915;1,963073167;1,795659898;1,67940795
85;2,451717912;3,100347143;2,228410603;3,746185245;2,492452234;3,077526731;2,303807126;2,620301039;2,533869579;2,404117588;2,670964625;2,192009359;3,267927617;2,695212775;2,929623211;2,604497052;2,265456118;2,442097462;2,569384533;2,615294626;3,041123064;1,95610488;1,906832772;1,829556725;3,190896233;2,267054682;2,349889372;2,498254016;2,403702856;1,969118087;1,840020055;1,713588159
85,1;2,368200198;3,09198647;2,269398032;3,6562651;2,373668015;2,990971745;2,274916711;2,663513135;2,425010711;2,395884424;2,589456016;2,168198019;3,220467435;2,594796674;3,008468757;2,559155958;2,292617177;2,401225081;2,426511461;2,625968675;3,047771638;1,959694384;1,841872936;1,781745123;3,097276265;2,089237534;2,257396224;2,447070268;2,324276014;1,874461847;1,832499537;1,696941953
85,2;2,391910371;2,955672541;2,22753976;3,534625264;2,385620915;2,96646285;2,191547676;2,599755856;2,462043183;2,330639529;2,626688029;2,10857884;3,184440493;2,56513134;2,84820543;2,649075194;2,227163239;2,33806363;2,443514371;2,586521589;3,029392691;1,943127446;1,847649566;1,729828118;3,020472521;2,092833542;2,193308332;2,442664225;2,234272937;1,946339106;1,850410722;1,626881011
85,3;2,40296897;2,958520892;2,267490654;3,604725937;2,386816205;3,001449607;2,209506371;2,55959193;2,398616515;2,349344407;2,640397674;2,105643295;3,193458966;2,595090116;2,920271611;2,594572276;2,223784455;2,403434667;2,460223838;2,59250782;2,938582437;1,941233692;1,871423667;1,75824623;2,924264388;2,031738766;2,060403928;2,411027186;2,165255207;1,905633849;1,750092434;1,705450014
85,4;2,386917932;2,917048142;2,188016581;3,416405244;2,322188378;2,852216373;2,230767274;2,595341639;2,454304679;2,367965444;2,506839312;2,16209441;3,16604359;2,609946702;2,816306808;2,545077694;2,146474872;2,304389743;2,465094987;2,525485501;2,926462414;1,855191882;1,844815747;1,752151869;2,897965695;1,960432182;1,984283207;2,307545586;2,130746342;1,917143511;1,826270167;1,691026605
85,5;2,326237888;2,804608225;2,264566008;3,461509117;2,308145048;2,867052837;2,13931487;2,57399354;2,368309191;2,316671655;2,529727844;2,073919062;3,109134704;2,595559625;2,837059078;2,542480027;2,22501971;2,27893492;2,387927934;2,527874963;2,741187915;1,873140307;1,793647161;1,761654078;2,865426326;1,942778668;2,0062344;2,355012044;2,005387609;1,897635438;1,754584064;1,66225245
85,6;2,27652869;2,699203596;2,240203932;3,301230699;2,260406108;2,84529895;2,141395646;2,565855395;2,441007531;2,357213703;2,512550546;2,126090384;3,079067165;2,63851964;2,889581903;2,617157009;2,173901986;2,336823835;2,47316047;2,536871079;2,763790341;1,862539688;1,872499973;1,706721599;2,807551036;1,890772331;1,960987767;2,264184532;1,940337224;1,937418936;1,75150096;1,667266128
85,7;2,372559919;2,750329704;2,190139151;3,272238557;2,167798377;2,798831595;2,106151929;2,454237606;2,39355365;2,376846977;2,437120114;2,065664658;3,089515962;2,569837273;2,82230869;2,512550546;2,129941471;2,361587956;2,45558353;2,493120724;2,718503744;1,892588224;1,785509016;1,659062587;2,723735409;1,874011343;1,948958572;2,171994608;1,986904169;1,915821063;1,797948751;1,615644312
85,8;2,316755496;2,701228351;2,172681264;3,130515501;2,311632824;2,711324737;2,086377802;2,525913089;2,341438222;2,260624094;2,455285616;2,056057832;3,038681621;2,504100862;2,799114977;2,457338318;2,217571854;2,285214595;2,437628748;2,486675604;2,680247196;1,856083948;1,809719997;1,780092063;2,686160067;1,908685653;1,917041784;2,11217561;1,974047925;1,894952534;1,785741534;1,600671397
85,9;2,205255643;2,714471002;2,18897605;3,193713283;2,271833606;2,728217746;2,098878462;2,405966278;2,385798937;2,29589591;2,484645609;2,016261758;3,032416446;2,563985187;2,702067597;2,475885296;2,146308588;2,3276112;2,364131126;2,431231697;2,692747856;1,864107511;1,778439002;1,659829451;2,590218967;1,862872257;1,860074769;2,138769905;2,013682256;1,875920677;1,742453142;1,644100921
86;2,235446708;2,628257529;2,181713152;3,024556126;2,218560057;2,655304564;2,073231567;2,344984686;2,379390148;2,300951509;2,297881539;2,057352124;2,972050558;2,566240504;2,631594392;2,470537372;2,161058976;2,299331146;2,381551843;2,404923578;2,59922179;1,841153582;1,743016273;1,665573103;2,591803558;1,814704611;1,957263001;2,172503243;1,975774059;1,858196736;1,705254386;1,60187032
86,1;2,29157811;2,62953638;2,145704585;3,007444223;2,097708604;2,601866687;2,078513537;2,39032578;2,319778236;2,303095038;2,306909794;1,97991678;2,964282989;2,500014672;2,735230538;2,47259734;2,169178956;2,266182738;2,39719234;2,440426235;2,499046311;1,880674449;1,815156023;1,677184492;2,53681239;1,808804456;1,850332471;2,128735281;1,984259732;1,869339175;1,738612955;1,587510491
86,2;2,164601249;2,602273594;2,09496198;2,866900938;2,109712367;2,535697308;2,029684666;2,363035606;2,230977994;2,28216279;2,368454515;2,057352124;3,033275567;2,486101574;2,632028687;2,447765098;2,103347175;2,257012792;2,352559701;2,398813611;2,497432376;1,872047233;1,809066039;1,652661064;2,547951476;1,850715902;1,909255771;2,057551944;1,908801912;1,871468172;1,667375121;1,668782122
86,3;2,243897858;2,566694642;2,042009261;2,744553074;2,1033608;2,489255105;1,906659665;2,317718268;2,329700512;2,250502276;2,344003749;1,982968584;2,975978778;2,481770918;2,678149081;2,422663169;2,140942499;2,238029004;2,323077091;2,372491798;2,395993417;1,758475115;1,721421124;1,671449783;2,471770809;1,773098344;1,812975255;2,092716165;1,944717461;1,826857052;1,666285191;1,57954352
86,4;2,249281554;2,429236286;2,07348309;2,640217695;2,106289987;2,441634241;2,022583352;2,323949035;2,210116732;2,269603441;2,371048549;1,988032567;2,950586201;2,42219366;2,596417945;2,332341497;2,140554665;2,274063771;2,377228453;2,345856631;2,450598917;1,8315186;1,769610568;1,610131991;2,516682219;1,712062257;1,807959341;2,098624145;1,927918728;1,817466885;1,745959084;1,588900152
86,5;2,24399176;2,458228428;2,040945042;2,565259567;2,051575494;2,433813993;1,987923574;2,372886898;2,261621799;2,246890974;2,275774123;1,98487177;2,881020711;2,444495308;2,656493985;2,421505048;2,085399659;2,150105178;2,319606082;2,407638901;2,455176623;1,757721945;1,75713506;1,705723894;2,338292515;1,757553216;1,843696752;2,049083187;1,907479464;1,789692531;1,643244068;1,531802345
86,6;2,209506371;2,423677642;2,102693217;2,584878309;2,107924882;2,415197986;2,001002736;2,341790353;2,331578546;2,224874386;2,361157573;1,91877114;2,795218057;2,4342209;2,631745305;2,34321355;2,134502409;2,174997506;2,300297551;2,341210803;2,418693689;1,863508049;1,758166302;1,589481448;2,344548714;1,748683909;1,826068949;2,012899742;1,919991862;1,858439874;1,62247;1,603136316
86,7;2,189904396;2,33245049;2,094476821;2,514019226;2,037624388;2,399657259;1,950993108;2,308337882;2,240376546;2,198171097;2,264031942;1,994790134;2,765036494;2,446529844;2,636323012;2,411042837;2,150504819;2,190814069;2,302586404;2,293736172;2,289674924;1,806232221;1,742173393;1,603184648;2,31611607;1,76317998;1,833422344;1,934971135;1,860183762;1,792390108;1,678383416;1,568627451
86,8;2,125963226;2,237081603;2,080458643;2,438039568;2,027052066;2,333231607;1,897677359;2,314793622;2,283512627;2,202995855;2,214629042;1,948686089;2,755888348;2,412099231;2,49766713;2,307672745;2,07111878;2,159855861;2,316128786;2,339513237;2,369021838;1,740937021;1,78096261;1,541270205;2,215140471;1,738409501;1,777803209;1,912082602;1,860074769;1,803733765;1,675440604;1,557183185
86,9;2,172468563;2,227817197;2,003727561;2,442333613;2,04601685;2,330404775;1,942473487;2,193543086;2,247653925;2,243780481;2,2139667;1,901056142;2,748258837;2,418672348;2,550252067;2,306687266;2,059713639;2,097838074;2,294411928;2,297681719;2,313013403;1,720200402;1,742198825;1,552478319;2,248089897;1,789524233;1,812962539;1,947285948;1,869103024;1,797385621;1,622855667;1,511464807
87;2,135544994;2,213497192;2,031230131;2,386765342;2,043401018;2,307164111;1,849066475;2,262912947;2,166898486;2,196822309;2,15335317;1,901383121;2,795868967;2,441859659;2,564405788;2,352941176;2,056329266;2,145418479;2,31611607;2,234038183;2,204383699;1,729457542;1,720513407;1,5631778;2,237844554;1,749090817;1,755397879;1,913011837;1,872790621;1,781967651;1,602197299;1,480997068
87,1;2,065015171;2,156557565;1,984643875;2,302259425;2,007515068;2,26411187;1,853032144;2,229750006;2,208215223;2,153634875;2,25328069;1,928195403;2,740520333;2,393813557;2,463314768;2,287073065;2,037893238;2,113047554;2,290966072;2,225234901;2,198547619;1,657129778;1,711240617;1,562422115;2,201994237;1,701498319;1,748574916;1,891682743;1,904993515;1,784767008;1,595037297;1,535057603
87,2;2,169069963;2,142148688;1,967432888;2,304398413;2,017140968;2,25716147;1,942691473;2,247399608;2,234683757;2,155445836;2,106412604;1,977896217;2,698558022;2,390501846;2,541608083;2,356501615;2,018641438;2,117036698;2,292718903;2,223004736;2,240024414;1,729392146;1,64851933;1,579404135;2,156817866;1,642009474;1,730373083;1,878589049;1,806769919;1,787022202;1,609114722;1,466174018
87,3;2,136161339;2,090624718;1,991537112;2,176026281;2,003509575;2,24469749;1,90748673;2,196536202;2,190178276;2,186414384;2,117036698;1,851491569;2,688893975;2,467485568;2,533302815;2,350016531;2,045253899;2,130276834;2,229577853;2,207471834;2,166882836;1,732204166;1,661707485;1,549553674;2,136481052;1,701686122;1,723506523;1,792076753;1,81996534;1,775093755;1,6346574;1,484829989
87,4;2,089875639;2,121590929;1,992710883;2,147883398;1,948958572;2,173865655;1,880388342;2,169832914;2,239617507;2,203097581;2,148470283;1,897400684;2,677371457;2,406456746;2,487874527;2,315098802;2,045929656;2,101879403;2,246480154;2,17241521;2,19377784;1,679582339;1,726147508;1,561811755;2,213168536;1,70548914;1,728411209;1,763724945;1,818468503;1,740467513;1,529767809;1,496051728
87,5;2,094046438;2,124994865;1,977460245;2,092992839;1,964344752;2,145723659;1,879676743;2,119657659;2,148705037;2,160677501;2,114798708;1,884387477;2,684468859;2,467892475;2,38814592;2,269423463;2,065719434;2,104764085;2,187908986;2,206149386;2,183021068;1,670745521;1,650590197;1,56443122;2,173756662;1,643396658;1,737112484;1,826177942;1,80943389;1,776419426;1,586938277;1,531184159
87,6;2,003648293;2,11273874;2,007476921;2,052948806;1,930702242;2,110627909;1,861295491;2,137280334;2,256605885;2,101574222;2,143456604;1,869012196;2,679266259;2,388927036;2,384985122;2,288090333;2,047964192;2,090772107;2,205335571;2,127107652;2,055281256;1,63564977;1,634444699;1,542687114;2,099314434;1,692695037;1,743699296;1,780015768;1,800666311;1,739201517;1,600544238;1,41534364
87,7;2,026684215;2,102148252;1,955316498;2,086416927;1,957935963;2,16245772;1,846138196;2,036140406;2,14618143;2,130486436;2,098115511;1,829908857;2,582807442;2,377028632;2,419426915;2,273289082;1,986179686;2,012760357;2,162966354;2,12386511;2,084077211;1,661707485;1,683942059;1,465100856;2,0062344;1,650549325;1,708594297;1,728612427;1,823922625;1,69821176;1,553259436;1,439982159
87,8;2,033722438;2,020948457;2,012766715;2,070840009;1,909005366;2,048741676;1,847867552;2,072175174;2,16962946;2,132389622;2,10530905;1,80170901;2,618121178;2,383560947;2,411042837;2,221713588;2,016988378;2,024167943;2,16761342;2,094191762;2,070267796;1,642347601;1,656748302;1,47707332;2,045178443;1,650008901;1,643069679;1,614913151;1,830666472;1,668632733;1,572660192;1,446882255
87,9;2,054067801;2,05974997;1,971901601;1,99500812;1,940293627;2,042638067;1,790973199;2,037314177;2,189787019;2,075813863;2,146827004;1,864957656;2,571908141;2,375321075;2,392233158;2,263930215;1,970484692;2,021820401;2,083110806;2,059858963;1,978977763;1,633260308;1,634050507;1,511787594;2,012882974;1,623232951;1,729152361;1,547010503;1,811463885;1,712570891;1,586811119;1,494061697
88;2,004018209;2,062038823;1,96251367;1,98252842;1,917950059;2,003509575;1,838712139;2,078983045;2,150323164;2,147925318;2,141451133;1,812199588;2,59332946;2,365475373;2,408585743;2,275692378;1,945220111;1,971935137;2,130877528;2,041070244;2,013369251;1,683774378;1,631541572;1,473752238;2,011139086;1,681258106;1,709296559;1,525684204;1,773200071;1,699637053;1,531024861;1,464539123
88,1;2,003689093;2,097897525;1,877186672;1,994735637;1,967474808;1,988454007;1,787703408;2,008087282;2,182694089;2,194247349;2,113483526;1,780009784;2,578107118;2,412099231;2,350593635;2,235446708;1,982909895;2,082420517;2,100690471;1,987741919;1,97440844;1,601962545;1,573713792;1,538109407;2,03010387;1,613113369;1,686775878;1,529280973;1,770700498;1,697089342;1,573103431;1,468387415
88,2;1,954172071;2,007978289;1,926909285;1,995880064;1,956097614;1,994354162;1,771220311;2,041466392;2,164237939;2,109915821;2,111739637;1,768724091;2,590872925;2,31808018;2,384046106;2,238193332;1,992573943;2,047995493;2,108695099;2,009722177;1,954680705;1,563395786;1,622796979;1,446453549;2,041275654;1,644377595;1,631541572;1,522959378;1,812676432;1,737675615;1,553654536;1,480430304
88,3;1,980730035;1,980824496;1,969352841;1,965471013;1,855497063;2,009177212;1,764487896;1,997711147;2,166546355;2,137407492;2,032654307;1,813425759;2,618012185;2,354212762;2,420734831;2,240376546;2,032120241;2,068919916;2,083510447;1,938531573;1,928104575;1,61938913;1,613488975;1,518054693;2,044847653;1,64749752;1,673260744;1,533531701;1,742462924;1,670862898;1,557401171;1,442867679
88,4;1,976370315;2,068818189;1,902800031;1,950924638;1,913598723;1,952582589;1,845960174;1,991206989;2,193593391;2,117189288;2,106889448;1,778896773;2,562498411;2,341751227;2,354685065;2,21380664;1,956206607;2,059205005;2,053864347;2,040248605;1,938985711;1,602095572;1,653750995;1,501071599;1,990715472;1,625085832;1,700668854;1,547851706;1,801151469;1,634934837;1,529658257;1,441038553
88,5;2,031179268;2,052338445;1,907988098;2,039368276;1,924925612;1,970753541;1,845796684;1,970092317;2,106449284;2,109915821;2,025762315;1,850684602;2,583555861;2,289289257;2,369139215;2,231958931;1,900100357;2,01996752;2,024000262;1,871671626;1,93728542;1,582469564;1,603488447;1,48552447;1,945627019;1,62132194;1,66895552;1,570153353;1,824788281;1,642197735;1,531815061;1,402304112
88,6;1,983236875;2,027052066;1,880674449;1,922081885;1,89048382;1,906390389;1,733679204;1,924925612;2,171644923;2,196209223;2,067597467;1,745397351;2,628039543;2,290815159;2,364167457;2,228224104;1,95834287;2,067597467;2,090231683;1,967541881;1,927500572;1,610044796;1,627527276;1,457353968;1,944980327;1,623442553;1,632206709;1,498201196;1,800373846;1,72917416;1,475165942;1,414918237
88,7;1,999542229;1,923145393;1,82745861;1,924773022;1,880146252;1,928168154;1,72590437;1,916329697;2,153869629;2,166546355;2,062785006;1,797131304;2,584496834;2,381388353;2,316906409;2,25413901;1,942364494;1,98273383;2,025075659;1,910226088;1,925470577;1,582578557;1,523085139;1,457236591;1,896601053;1,629358358;1,687102857;1,456759747;1,662034464;1,733933522;1,538363724;1,39823504
88,8;1,975339073;1,921001864;1,827485858;1,968531202;1,857531599;1,932882102;1,694972152;1,922331579;2,131278452;2,079586698;2,125043196;1,74985768;2,600442512;2,288383776;2,325761044;2,222694525;1,887541009;1,965906985;2,027500148;1,906086589;1,871900511;1,603341726;1,620646844;1,413239745;1,910938176;1,569390402;1,655134367;1,4493019;1,772182803;1,671516856;1,508178249;1,402849077
88,9;1,898120597;1,996643015;1,824470385;1,913227029;1,836423285;1,910429541;1,77086818;1,880892435;2,149644054;2,130863719;2,043901104;1,771245463;2,586840184;2,273376277;2,302891585;2,207745714;1,882024285;1,96817907;1,99506625;1,842526894;1,947909514;1,576352331;1,587919214;1,47989037;1,860456245;1,633914266;1,61669337;1,450083925;1,72557739;1,569717381;1,524049308;1,386129549
89;1,951628901;1,906328679;1,85397116;1,869103024;1,837898324;1,867586903;1,639868009;1,871709773;2,161898222;2,128524562;2,083401454;1,775959411;2,53136274;2,271959367;2,265964752;2,226073309;1,92298889;1,994048981;1,960130356;1,847398043;1,879802505;1,51664505;1,56099794;1,419902851;1,844463616;1,603136316;1,639937947;1,486932995;1,715877012;1,596371127;1,504666718;1,321196542
89,1;1,950689884;1,949244678;1,779112194;1,878385595;1,883344778;1,858459108;1,721687178;1,886778058;2,093633173;2,134846156;2,038714318;1,739528496;2,456092164;2,258100487;2,366791673;2,236565703;1,922535032;1,953154803;1,952035808;1,823453117;1,908776481;1,627240047;1,586938277;1,422954655;1,780727855;1,607029323;1,62803591;1,437310104;1,70999139;1,595044633;1,4689743;1,339335215
89,2;1,939186929;1,901070675;1,831082628;1,882677195;1,89375361;1,868009461;1,668867487;1,959803377;2,137661809;2,117247977;1,981057014;1,781197364;2,499224333;2,329231004;2,298226684;2,197953111;1,85865786;1,942473487;2,012773981;1,855210956;1,819529368;1,517727714;1,589481448;1,438417131;1,885404746;1,589990082;1,581488627;1,475649144;1,712649142;1,619694311;1,521185765;1,336079957
89,3;1,943563418;1,89735038;1,808295822;1,820636066;1,826387544;1,790010427;1,648083358;1,857150123;2,10621453;2,101834897;1,976982352;1,761478012;2,453063836;2,229343099;2,252129905;2,187762264;1,847740393;1,917448692;1,95132372;1,778184685;1,886887051;1,522581108;1,505084524;1,351840347;1,890974289;1,556420233;1,62637698;1,447979451;1,72121767;1,614186531;1,473694536;1,329338244
89,4;1,872587167;1,906360469;1,800946059;1,805854378;1,833044502;1,824274756;1,662539795;1,804093233;2,075125251;2,013300781;1,986088858;1,718635374;2,487602045;2,289725229;2,275527072;2,154446733;1,892336701;1,927331843;1,823126138;1,730373083;1,766525227;1,575200568;1,494210375;1,424887465;1,842853873;1,605916686;1,581470461;1,421428753;1,743234259;1,590694344;1,45733196;1,314310419
89,5;1,883181288;1,977874418;1,747392761;1,865542585;1,867595287;1,868408543;1,673775984;1,805956105;2,074682013;2,12334376;1,919686681;1,722641845;2,516767584;2,24399176;2,238850644;2,148352906;1,879324612;1,966989649;1,92548511;1,806286717;1,8281482;1,596602324;1,521451642;1,413337559;1,811245899;1,645274692;1,616911356;1,458476387;1,644007019;1,593296203;1,474608401;1,302684498
89,6;1,952677958;1,883166756;1,801503601;1,833480474;1,785850527;1,807084348;1,660298959;1,787653104;2,068495057;2,130981096;1,967304078;1,665086268;2,446960227;2,296355637;2,226460839;2,162086026;1,918059052;2,002365148;1,925252591;1,799583647;1,782349126;1,474893459;1,513812349;1,429388876;1,843725817;1,575385018;1,58683655;1,433839424;1,670964625;1,565927778;1,454075794;1,274010951
89,7;1,90643872;1,896805415;1,791964044;1,785782406;1,811373058;1,8268319;1,65178912;1,84634165;2,057628239;2,051030529;2,015599415;1,720161276;2,487690078;2,342611992;2,313776354;2,196477513;1,906178814;1,997171212;1,861013786;1,78813938;1,791917805;1,530734213;1,483356446;1,394267694;1,892245874;1,553603183;1,638183159;1,495282419;1,698656116;1,639327586;1,433394369;1,251566775
89,8;1,91871301;1,859840015;1,827158879;1,761272602;1,819638361;1,787441825;1,607728695;1,85829455;2,073374097;2,035858701;1,977664607;1,712062257;2,471198596;2,214999619;2,23978966;2,107270924;1,892016988;1,955157549;1,770163917;1,741156125;1,737533086;1,537295593;1,502155337;1,415655756;1,825691107;1,569390402;1,600671397;1,442791384;1,689478904;1,581069423;1,450827802;1,316650136
89,9;1,870286576;1,899849953;1,799860321;1,781926778;1,739528496;1,771572442;1,632003255;1,827091806;2,074940871;1,979603774;2,035436144;1,681035579;2,391597365;2,310542894;2,21039648;2,195264617;1,873589903;1,925688563;1,867195646;1,72485636;1,730754559;1,527904936;1,509335252;1,423666743;1,703258975;1,471405683;1,535210193;1,468856923;1,665573103;1,622386159;1,472713599;1,255512322
90;1,87218026;1,916206171;1,811136906;1,769610568;1,778967199;1,792390108;1,638513771;1,829149818;2,152612018;2,067127959;2,048196711;1,703034002;2,459086748;2,258100487;2,230760008;2,171663996;1,857328145;1,927214466;1,819503723;1,683187492;1,71950103;1,502505023;1,505084524;1,376472768;1,774497088;1,542921868;1,603178236;1,380723496;1,680120038;1,549604537;1,469698126;1,279214669
90,1;1,860551614;1,882309344;1,776277307;1,804735383;1,78096261;1,764960199;1,592736706;1,767539701;2,063528394;2,03520139;1,995058424;1,710397636;2,425981028;2,271559726;2,174792096;2,169120826;1,808003357;1,89157375;1,805024913;1,684243886;1,72012774;1,484920817;1,46677348;1,409509762;1,74095903;1,581706613;1,482261387;1,398430668;1,664977275;1,543094021;1,438289972;1,263828489
90,2;1,874461847;1,86598764;1,751148828;1,733190133;1,81976552;1,721108677;1,574527606;1,760128176;2,062002492;2,002310652;1,952264693;1,657481909;2,443986674;2,13588159;2,237735561;2,152830004;1,800768037;1,823671103;1,827115282;1,719564609;1,735655052;1,501284301;1,450588017;1,352888357;1,714024131;1,551079576;1,547976908;1,414765647;1,662763878;1,586734824;1,442486203;1,233255948
90,3;1,82080822;1,834744793;1,73135402;1,74174799;1,795768891;1,742682027;1,637402043;1,747564914;2,013604005;2,001162033;2,020948457;1,677184492;2,446784161;2,169128651;2,222300474;2,176907551;1,883370209;1,781033036;1,827267872;1,708628977;1,667224208;1,534676127;1,508608632;1,354347186;1,699419067;1,47707332;1,551232166;1,377317464;1,655031662;1,542559955;1,411459525;1,246896843
90,4;1,873807889;1,806316061;1,762886537;1,738765545;1,780509869;1,771470715;1,596178463;1,725656658;2,137026017;1,995473157;1,958084641;1,674868391;2,409501284;2,263523308;2,184201826;2,120651912;1,886905216;1,802090486;1,794226221;1,763003915;1,677271687;1,460383764;1,496147097;1,353729559;1,68418911;1,568627451;1,521651462;1,39823504;1,605601235;1,56354111;1,415528598;1,265354391
90,5;1,897968007;1,848071005;1,76317998;1,71178482;1,781901626;1,739998005;1,589277994;1,723714601;2,064545663;1,955494519;1,941056578;1,667200732;2,493206801;2,198062104;2,161287861;2,169165332;1,842853873;1,774079282;1,823834592;1,703355638;1,685140982;1,464321137;1,468898844;1,336338187;1,723070551;1,513041014;1,539126675;1,409831896;1,627550751;1,587701228;1,417999106;1,230640116
90,6;1,87950459;1,79812314;1,694419013;1,628442817;1,793639335;1,700872307;1,545738918;1,784593474;2,085196206;1,987442723;1,913011837;1,69457307;2,415630325;2,224765393;2,125036785;2,141985199;1,789781542;1,740618426;1,789883268;1,732948043;1,631799802;1,462988069;1,487645642;1,292003183;1,664214324;1,521651462;1,509234643;1,389660923;1,648686453;1,501773861;1,375382838;1,227697305
90,7;1,853208209;1,827725643;1,772049287;1,636940918;1,763288973;1,703778788;1,60254943;1,716385646;2,099641413;2,056638715;1,945016658;1,647622234;2,403061195;2,230634247;2,221713588;2,108606088;1,84056502;1,772335393;1,711005863;1,711553623;1,600436643;1,517051957;1,475750871;1,3088971;1,687444368;1,484067038;1,526338162;1,404769031;1,617925829;1,56827532;1,439906702;1,223228591
90,8;1,873807889;1,756516874;1,770758628;1,693424451;1,764177685;1,723213081;1,575207904;1,70147631;2,089941035;1,932731189;1,929850115;1,646121484;2,39890898;2,211141266;2,16754406;2,083975484;1,795517369;1,744215196;1,783677933;1,744309656;1,604943923;1,486446719;1,466283011;1,365464474;1,732089723;1,513288065;1,482464841;1,430991073;1,571043463;1,534822849;1,345464256;1,180909576
90,9;1,85397116;1,807540137;1,706939585;1,655251745;1,720865539;1,709925994;1,538719768;1,758308831;2,059255868;1,953154803;1,994862796;1,638412044;2,407521524;2,24819889;2,14379085;2,07929605;1,807431144;1,722961558;1,768411645;1,66984563;1,623668923;1,527428092;1,399964396;1,36849951;1,732280461;1,525030246;1,501640345;1,421268897;1,605630579;1,538586252;1,40764477;1,209570928
91;1,802794749;1,825385926;1,78601765;1,640889819;1,784131791;1,684318581;1,620977634;1,717402914;2,030340022;1,934462501;1,916969122;1,615625238;2,373758842;2,265746766;2,096480616;2,099096448;1,784351873;1,763942931;1,774188275;1,664323317;1,636126183;1,477727278;1,426391568;1,396670012;1,664204415;1,507264384;1,53546451;1,361104753;1,688258183;1,531896805;1,360987376;1,192543425
91,1;1,82663208;1,799625567;1,736680145;1,696040284;1,716748956;1,691106533;1,561324919;1,733329519;2,014299883;1,910429541;1,966778929;1,66511142;2,460953253;2,187087346;2,148000775;2,075099819;1,758042776;1,809109636;1,710129447;1,682358028;1,607156481;1,483304087;1,432911915;1,288573536;1,644486588;1,514076448;1,482728134;1,331909158;1,557469291;1,552249434;1,379650334;1,24055848
91,2;1,919178047;1,834369186;1,728377673;1,624968455;1,686666885;1,649754584;1,545452811;1,678257654;2,057170469;1,969024186;1,926324356;1,677824826;2,407521524;2,231573264;2,109014812;2,051829811;1,734078846;1,742362315;1,698430864;1,66313166;1,62355993;1,480997068;1,425701279;1,358561583;1,665958212;1,487296864;1,488735572;1,388453616;1,634710754;1,572594797;1,400073948;1,195217387
91,3;1,866832336;1,796495511;1,704550123;1,598096437;1,770985557;1,640217695;1,630172173;1,73323415;2,064545663;1,93624272;2,043437349;1,719691768;2,329834658;2,155082526;2,068614735;2,059313998;1,771245463;1,766449771;1,640017875;1,654195351;1,569826374;1,452440899;1,448668063;1,299153124;1,640751761;1,502123547;1,4633402;1,418071768;1,590811721;1,536692498;1,376581761;1,208133059
91,4;1,839911062;1,853736406;1,683506087;1,640446581;1,734569314;1,741599363;1,600788774;1,739528496;2,017351688;1,952849622;1,893949798;1,645431195;2,371905961;2,223430228;2,14659225;2,072996813;1,796114036;1,745866859;1,686012927;1,679001043;1,531888421;1,4366956;1,437835835;1,330205234;1,668901023;1,484157865;1,500724804;1,36120648;1,617761501;1,538461538;1,34399285;1,178759442
91,5;1,854080153;1,805687255;1,64237939;1,673711248;1,701635259;1,712952366;1,560234989;1,707891457;2,012078103;2,019204569;1,903236003;1,624272017;2,430996942;2,151522087;2,087179878;2,063673719;1,771190967;1,737112484;1,685685948;1,614169762;1,529389966;1,456146661;1,452004926;1,298161288;1,627902882;1,504103587;1,470969711;1,36208569;1,553133675;1,576038976;1,37083238;1,188200961
91,6;1,845578698;1,792717087;1,72823682;1,630753469;1,690045668;1,652661064;1,590371557;1,70147631;1,989449476;1,983345868;1,940375372;1,641543777;2,346368059;2,230542022;2,109559777;2,07929605;1,741531243;1,799445589;1,722978326;1,686503395;1,555481217;1,423197235;1,452658885;1,350932072;1,684243886;1,478490229;1,513694972;1,381486447;1,586175326;1,527141985;1,418326085;1,187151904
91,7;1,760346162;1,750209812;1,727423006;1,589118138;1,742376847;1,635331175;1,611352712;1,675549597;2,025279113;1,95045513;1,964344752;1,619490857;2,390198622;2,107706896;2,106943945;2,02214738;1,748247937;1,722641845;1,663843748;1,628255013;1,597897029;1,484448514;1,414206149;1,327636632;1,70548914;1,444593402;1,517153684;1,356527047;1,583192881;1,550926986;1,369141171;1,248855573
91,8;1,813585616;1,828265577;1,694296396;1,648832685;1,750972763;1,60280766;1,541052219;1,678375032;1,987546291;1,89953024;1,931486992;1,676731752;2,365500525;2,16230513;2,099641413;2,072378627;1,751354238;1,707836682;1,64374879;1,703024221;1,532005798;1,457890549;1,430991073;1,337198952;1,609592056;1,466137687;1,523867653;1,371241103;1,591821164;1,498149844;1,367644334;1,187621412
91,9;1,846138196;1,784483922;1,772793164;1,641203174;1,708883294;1,669010016;1,611570698;1,612333649;2,040226596;1,95325653;1,902095768;1,619200209;2,289674924;2,130746342;2,134043571;2,102693217;1,729434066;1,742682027;1,696517128;1,595741559;1,570916304;1,416146225;1,401055647;1,325422117;1,644570429;1,481142392;1,447259538;1,326226989;1,597946572;1,560763186;1,364156558;1,177174851
92;1,818163322;1,741359579;1,704305587;1,635563694;1,711585412;1,620380967;1,562428473;1,65947732;2,009026298;1,958851504;1,905851835;1,588871087;2,34238702;2,115917703;2,126051259;2,064310908;1,718345383;1,738237348;1,589403196;1,657716663;1,561651898;1,401365096;1,455812416;1,352076499;1,643142341;1,508201724;1,420901045;1,368352789;1,654484881;1,508227156;1,390859846;1,170748455
92,1;1,844488768;1,783983113;1,692327255;1,664289781;1,708465487;1,666050437;1,556202247;1,687756815;2,010485128;1,903753719;1,922064546;1,684723176;2,295854483;2,128430101;2,065954188;1,996833753;1,733628341;1,723506523;1,58595734;1,622796979;1,532710061;1,470766257;1,449841834;1,302793491;1,667429618;1,473258564;1,485008011;1,335927367;1,627081243;1,509234643;1,367615269;1,213528213
92,2;1,817349508;1,758810351;1,722362097;1,629445553;1,73026409;1,659091652;1,562641219;1,665776557;2,032120241;1,906614786;1,878589049;1,646066987;2,30880739;2,208307447;2,048778007;2,072582081;1,723942495;1,717226849;1,648443873;1,615494447;1,563110728;1,436636912;1,432059205;1,339272614;1,625175591;1,469661795;1,46533561;1,363066627;1,557007119;1,522596068;1,365330328;1,221535566
92,3;1,835456881;1,699219247;1,68522433;1,599145495;1,717888429;1,65429596;1,503885601;1,675745785;1,983774573;1,982909895;1,926909285;1,620508125;2,41092546;2,144714216;2,173596806;2,079804685;1,731245027;1,663143628;1,616235599;1,613768724;1,541982851;1,406336854;1,429443373;1,28938735;1,643701839;1,481869012;1,469952443;1,305585389;1,541466392;1,4577061;1,370895959;1,177342532
92,4;1,836770081;1,715921892;1,636530098;1,613205594;1,723447835;1,614595254;1,548383815;1,675620122;1,96192874;1,879148547;1,867595287;1,615930419;2,331273365;2,096807595;2,103941683;1,997296973;1,718064139;1,67836525;1,547519137;1,600889383;1,574496306;1,428009695;1,384756237;1,320844411;1,61200667;1,437094682;1,430005106;1,320668345;1,542251142;1,53881367;1,342207041;1,221230386
92,5;1,813534752;1,795891508;1,708533608;1,595712215;1,647756379;1,643205921;1,523899443;1,629772532;2,017751329;1,8491587;1,885117517;1,575544874;2,304699192;2,125472757;2,021585647;2,006145224;1,749975057;1,698094383;1,582712702;1,618677043;1,521559237;1,469825284;1,394420284;1,28684418;1,592496921;1,436963891;1,432931149;1,403067063;1,590971019;1,52173139;1,398548045;1,218105919
92,6;1,804430203;1,704331019;1,691521266;1,624029438;1,740138857;1,65178912;1,604075333;1,619216977;2,005340658;1,868358238;1,890265834;1,616165173;2,339818418;2,148331565;2,105091064;2,056589173;1,707249796;1,738329573;1,557711381;1,551537346;1,488708324;1,396309497;1,436280868;1,299661758;1,593159263;1,459678035;1,41087264;1,338025483;1,548673345;1,529825938;1,334452328;1,150647628
92,7;1,772771365;1,73924239;1,702194756;1,588362453;1,69539471;1,699142952;1,514203606;1,613113369;1,967944316;1,853426195;1,865974924;1,644218298;2,304779889;2,119935912;2,048472826;2,009730561;1,680272628;1,706670736;1,623458203;1,579744738;1,57390942;1,440833143;1,379960545;1,262902048;1,634546426;1,527310715;1,424429694;1,324365724;1,571788248;1,530378169;1,378870614;1,219704484
92,8;1,741868213;1,777803209;1,669554982;1,595858936;1,686448899;1,669336995;1,504187428;1,579895652;1,968413825;1,904652912;1,872608966;1,625412811;2,288417312;2,126293838;2,079586698;2,04389512;1,691898549;1,732453859;1,57113429;1,577375957;1,54816241;1,442195555;1,422140841;1,269134467;1,575269613;1,403702856;1,448386358;1,361409934;1,575904831;1,501284301;1,34679942;1,155006231
92,9;1,827337231;1,699746046;1,63729305;1,637570486;1,719255796;1,648864474;1,498944584;1,612115663;1,936487256;1,905960828;1,877446579;1,606571552;2,334512973;2,062256809;2,0857993;1,979476616;1,693954884;1,748097024;1,593143613;1,603926655;1,5464065;1,454184787;1,419699397;1,314911532;1,634132252;1,459779761;1,428680422;1,301711945;1,559166857;1,528518022;1,317289562;1,158159762
93;1,834643066;1,74181735;1,758308831;1,609233404;1,659418631;1,582233412;1,543450065;1,607244514;1,956918695;1,89998298;1,808303088;1,578134995;2,368200198;2,112230106;2,048230247;2,033373661;1,759717356;1,696599781;1,5868209;1,587955545;1,526474403;1,429354197;1,394674601;1,270137507;1,595890237;1,440887639;1,444593402;1,361104753;1,525432681;1,490219554;1,357834963;1,230531123
93,1;1,78154167;1,74092724;1,654840925;1,563668269;1,648091742;1,613736934;1,551733534;1,655699245;1,989667462;1,991200631;1,876045879;1,629772532;2,295309025;2,123292897;2,070649271;2,025693845;1,708247501;1,693115638;1,538226784;1,626502741;1,516964763;1,446824553;1,364258284;1,322448564;1,643941623;1,446446283;1,466065025;1,313038834;1,569263244;1,503911246;1,320922662;1,171485974
93,2;1,746923253;1,678492409;1,681442486;1,550062308;1,681747667;1,60618812;1,509212634;1,63810088;1,896478436;1,887541009;1,820074333;1,592634979;2,253992288;2,033264668;2,045689871;2,03370064;1,639799889;1,701380941;1,567973493;1,576002645;1,510316189;1,437634617;1,419394217;1,307698177;1,642809773;1,414041821;1,440124688;1,341737533;1,577673871;1,478599222;1,324248346;1,163042649
93,3;1,782362751;1,731644668;1,752716651;1,60952163;1,677983775;1,639963378;1,51664505;1,604310087;2,021820401;1,862935836;1,918880692;1,563134203;2,325570306;2,096237477;2,067800921;2,044327459;1,669235269;1,666176198;1,619109382;1,51814552;1,505048193;1,423884729;1,43387855;1,266117342;1,579895652;1,48034311;1,378601765;1,321024389;1,55536384;1,477276773;1,327887036;1,171305996
93,4;1,836550444;1,701787849;1,69208681;1,597074628;1,69407841;1,651462141;1,584942867;1,650720989;1,978768161;1,881723507;1,875216414;1,630208504;2,310685424;2,048428321;2,124994865;1,953699768;1,724269474;1,753378993;1,60337107;1,590708153;1,592169942;1,386231276;1,391114163;1,293420092;1,607596645;1,424756673;1,40853488;1,338077502;1,565139675;1,423079858;1,357818195;1,173825691
93,5;1,786933191;1,718572773;1,639963378;1,534167493;1,701733073;1,597704365;1,532412706;1,611250985;1,917772946;1,925571186;1,799038682;1,634828131;2,325801916;2,085075983;2,015716793;2,009486025;1,701925907;1,686249078;1,560489306;1,564558378;1,447222858;1,433803093;1,393266076;1,257016425;1,575929983;1,400342238;1,395730995;1,314819053;1,521019303;1,472368455;1,361308207;1,161320559
93,6;1,732814527;1,728964558;1,669235269;1,550621805;1,65974561;1,64165277;1,50289628;1,588260726;1,899278718;1,895279513;1,856042028;1,604595145;2,282867053;2,082653035;2,056814425;1,98580911;1,677293485;1,706285627;1,584355981;1,545738918;1,538719768;1,416800183;1,368734264;1,300248184;1,624373744;1,41018794;1,442849513;1,281757839;1,528601863;1,433737697;1,354873986;1,188241834
93,7;1,775743242;1,656315963;1,629940975;1,555784441;1,629898293;1,62864627;1,474715107;1,634877038;1,956206607;1,921778439;1,85865786;1,548673345;2,298104067;2,074992224;2,014660399;1,974008799;1,681671372;1,680018311;1,623051296;1,492919227;1,509015539;1,440015695;1,363569672;1,275450777;1,592329798;1,480594632;1,428346176;1,329496779;1,476838565;1,498217964;1,318240773;1,154286318
93,8;1,758660962;1,652274635;1,700559302;1,520561532;1,671456304;1,623090421;1,466744136;1,666176198;1,923876555;1,915711511;1,894189582;1,592932893;2,303022376;2,095063706;2,049638772;1,957325602;1,728260295;1,699737662;1,529360901;1,533124793;1,454184787;1,392099641;1,370260166;1,323669286;1,553571883;1,411154345;1,376581761;1,309351237;1,538525562;1,547773454;1,376974136;1,153255076
93,9;1,746831028;1,675542331;1,661120599;1,594059154;1,624213888;1,623794684;1,45662623;1,606647847;1,876859693;1,860779032;1,850614176;1,578252372;2,283403634;1,990212427;2,060294935;2,010630452;1,625521804;1,621916651;1,611638819;1,544308385;1,538654372;1,414918237;1,369203772;1,275654231;1,613132932;1,373210244;1,392058769;1,286805054;1,527755071;1,462958724;1,361798345;1,184735892
94;1,728720022;1,664657562;1,714859744;1,557844409;1,631306818;1,636580962;1,523554648;1,589990082;1,945270975;1,94040262;1,862891819;1,531301536;2,22158643;2,113660639;2,030670634;1,942255501;1,647856988;1,643905292;1,589379721;1,545973672;1,483881191;1,377057367;1,36479235;1,264318957;1,632511889;1,417672127;1,387858905;1,275872217;1,504262122;1,460506382;1,361676967;1,122925293
94,1;1,812364894;1,735495755;1,681544213;1,575875486;1,641489281;1,593980903;1,510291036;1,587319753;1,960666937;1,820782788;1,849800361;1,538436386;2,273829017;2,055935215;2,018181711;1,919457796;1,691286512;1,683833066;1,611134726;1,537554534;1,514675909;1,369715201;1,374619887;1,234807003;1,563068807;1,400543456;1,457890549;1,269652349;1,492637522;1,463885165;1,305736302;1,178810305
94,2;1,752975509;1,681544213;1,63928846;1,551138264;1,688704216;1,559726355;1,509234643;1,624984105;1,96427209;1,838813865;1,822944483;1,575840807;2,273242131;2,029449912;2,008977391;1,891660945;1,642252232;1,673369737;1,610371775;1,572148764;1,508710358;1,368734264;1,400371303;1,249931879;1,569644719;1,413799242;1,398707343;1,27647587;1,503231643;1,470382825;1,289895984;1,191184645
94,3;1,727423006;1,714420469;1,669947356;1,537053013;1,600436643;1,586556802;1,527545469;1,59973238;2,002335804;1,880381006;1,845387961;1,536456346;2,214629042;2,09626263;2,031077541;1,96645195;1,740836412;1,689046565;1,608046591;1,511100938;1,533404542;1,372676178;1,387248544;1,241757403;1,510846621;1,395691869;1,385871319;1,305845295;1,508882511;1,467536431;1,295389232;1,125708909
94,4;1,727790787;1,640154116;1,642306728;1,564049744;1,641463849;1,579962724;1,517032883;1,550926986;1,915978277;1,833153495;1,837287963;1,578872794;2,276646067;2,096208133;1,978441182;1,927683974;1,670317933;1,67020894;1,597517866;1,51649246;1,51216907;1,347916599;1,374965031;1,274636962;1,556202247;1,396200504;1,349987466;1,305617401;1,511230053;1,460615375;1,360392665;1,157651128
94,5;1,725359404;1,658452227;1,654383154;1,585208921;1,620155994;1,596602324;1,515526055;1,586116638;1,923072731;1,868685217;1,82365657;1,52808205;2,274865848;2,034281936;2,054118664;1,959258412;1,639908882;1,647102421;1,576474948;1,493858244;1,459198465;1,377985046;1,389715419;1,294066784;1,577900241;1,382753491;1,352167326;1,297016861;1,540574326;1,460193027;1,29948178;1,137464714
94,6;1,774154738;1,669336995;1,61654078;1,559573765;1,667224208;1,584089927;1,503885601;1,548027771;1,94913197;1,909884576;1,865771471;1,540143943;2,229343099;2,158799467;2,014343481;1,957020422;1,640017875;1,6780229;1,604486152;1,544866974;1,503140815;1,394674601;1,369170236;1,245237914;1,543259327;1,410060782;1,356628773;1,315218694;1,516746777;1,460640527;1,275558862;1,157015335
94,7;1,726340342;1,693097472;1,609499831;1,56323593;1,629790697;1,561608301;1,446657003;1,533749687;1,926807558;1,928231734;1,848303524;1,50489169;2,304548278;2,091684923;2,049286641;1,952646169;1,674895639;1,673711248;1,563795427;1,545738918;1,51903563;1,396787389;1,386282139;1,267516086;1,567578393;1,400676483;1,370612298;1,294092215;1,521978441;1,45756357;1,298441037;1,13712411
94,8;1,718165866;1,688955738;1,585999261;1,537632563;1,590562295;1,536176598;1,486773698;1,522028746;1,939094704;1,900511177;1,852227272;1,533883832;2,250298823;2,05600061;1,999059027;1,981434857;1,680722573;1,662143457;1,531888421;1,493313279;1,459983215;1,388698151;1,341377018;1,247718483;1,587345185;1,394878055;1,360494392;1,298746217;1,516637784;1,434130072;1,347880268;1,112478065
94,9;1,752557353;1,693969417;1,603913939;1,539330129;1,64207421;1,601107369;1,483380382;1,511816939;1,876532714;1,850823987;1,81200885;1,643396658;2,254475606;2,01310096;2,020529253;1,877164874;1,630208504;1,643505651;1,580529488;1,568518458;1,463467358;1,399252308;1,373311971;1,24055848;1,547741665;1,418909518;1,333169005;1,293202106;1,485901754;1,453326467;1,303692683;1,1476819
95;1,740342311;1,595858936;1,612675161;1,557510164;1,633478294;1,630045014;1,496147097;1,569542992;1,968413825;1,96054956;1,840456027;1,571679255;2,306210422;2,044708934;1,999135322;1,975062399;1,696548918;1,690572468;1,584590735;1,465805119;1,470097767;1,436827649;1,368625271;1,219907937;1,516864154;1,341921983;1,389442937;1,30229883;1,499860126;1,473317253;1,279596145;1,106787722